/*
SQLyog Ultimate v8.55 
MySQL - 5.6.21 : Database - itm
*********************************************************************
*/

/*!40101 SET NAMES utf8 */;

/*!40101 SET SQL_MODE=''*/;

/*!40014 SET @OLD_UNIQUE_CHECKS=@@UNIQUE_CHECKS, UNIQUE_CHECKS=0 */;
/*!40014 SET @OLD_FOREIGN_KEY_CHECKS=@@FOREIGN_KEY_CHECKS, FOREIGN_KEY_CHECKS=0 */;
/*!40101 SET @OLD_SQL_MODE=@@SQL_MODE, SQL_MODE='NO_AUTO_VALUE_ON_ZERO' */;
/*!40111 SET @OLD_SQL_NOTES=@@SQL_NOTES, SQL_NOTES=0 */;
CREATE DATABASE /*!32312 IF NOT EXISTS*/`itm` /*!40100 DEFAULT CHARACTER SET latin1 */;

USE `itm`;

/*Table structure for table `cache` */

DROP TABLE IF EXISTS `cache`;

CREATE TABLE `cache` (
  `key` varchar(255) COLLATE utf8_unicode_ci NOT NULL,
  `value` text COLLATE utf8_unicode_ci NOT NULL,
  `expiration` int(11) NOT NULL,
  UNIQUE KEY `cache_key_unique` (`key`)
) ENGINE=InnoDB DEFAULT CHARSET=utf8 COLLATE=utf8_unicode_ci;

/*Data for the table `cache` */

/*Table structure for table `favorites` */

DROP TABLE IF EXISTS `favorites`;

CREATE TABLE `favorites` (
  `id` int(10) unsigned NOT NULL AUTO_INCREMENT,
  `keyword` varchar(255) COLLATE utf8_unicode_ci NOT NULL,
  `created_at` timestamp NOT NULL DEFAULT '0000-00-00 00:00:00',
  `updated_at` timestamp NOT NULL DEFAULT '0000-00-00 00:00:00',
  `user_id` int(11) NOT NULL,
  PRIMARY KEY (`id`)
) ENGINE=InnoDB AUTO_INCREMENT=45 DEFAULT CHARSET=utf8 COLLATE=utf8_unicode_ci;

/*Data for the table `favorites` */

insert  into `favorites`(`id`,`keyword`,`created_at`,`updated_at`,`user_id`) values (1,'yankees','2014-11-07 12:38:09','2014-11-07 12:38:09',1),(2,'Randy Moss','2014-11-13 22:08:42','2014-11-13 22:08:42',2),(3,'METALLICA','2014-11-13 22:09:13','2014-11-13 22:09:13',2),(4,'Philadeplia Eagles','2014-11-13 22:11:53','2014-11-13 22:11:53',2),(7,'Derek Jeter','2014-11-14 14:04:32','2014-11-14 14:04:32',6),(10,'Newyork Giants','2014-11-14 15:27:17','2014-11-14 15:27:17',6),(11,'Newyork Jets','2014-11-14 15:27:33','2014-11-14 15:27:33',6),(12,'Diem Brown','2014-11-14 16:10:27','2014-11-14 16:10:27',6),(19,'books','2014-11-16 19:38:13','2014-11-16 19:38:13',46),(20,'pro v slicer','2014-11-16 22:18:56','2014-11-16 22:18:56',106),(21,'Aaliyah','2014-11-17 01:22:25','2014-11-17 01:22:25',30),(22,'Alabama Football','2014-11-17 01:36:42','2014-11-17 01:36:42',30),(23,'Derrick Rose','2014-11-17 01:56:20','2014-11-17 01:56:20',30),(24,'Melvin Gordon','2014-11-17 16:56:54','2014-11-17 16:56:54',135),(25,'Alabama Football','2014-11-17 16:57:08','2014-11-17 16:57:08',135),(26,'Seahawks','2014-11-17 16:57:18','2014-11-17 16:57:18',135),(27,'2014 catchphrase on tv shows','2014-11-18 09:02:24','2014-11-18 09:02:24',52),(28,'One Direction','2014-11-18 17:01:59','2014-11-18 17:01:59',135),(29,'Green Bay Packers','2014-11-18 22:18:38','2014-11-18 22:18:38',1),(30,'Aaron Rodgers','2014-11-18 23:35:54','2014-11-18 23:35:54',66),(31,'Giancarlo Stanton','2014-11-19 19:00:43','2014-11-19 19:00:43',66),(32,'Tommy Chong','2014-11-20 01:24:20','2014-11-20 01:24:20',42),(33,'Guy Fieri','2014-11-20 01:28:53','2014-11-20 01:28:53',42),(34,'Green Bay Packers','2014-11-20 07:29:08','2014-11-20 07:29:08',145),(35,'Adrian Peterson','2014-11-20 09:10:12','2014-11-20 09:10:12',89),(39,'Green Bay Packers','2014-11-20 21:22:44','2014-11-20 21:22:44',6),(40,'Sons of Anarchy','2014-11-20 21:23:44','2014-11-20 21:23:44',6),(41,'Bill Cosby','2014-11-21 16:12:01','2014-11-21 16:12:01',178),(42,'dallas cowboys','2014-11-22 22:22:15','2014-11-22 22:22:15',157),(43,'American Sniper','2015-05-22 12:06:21','2015-05-22 12:06:21',1),(44,'shopify','2015-05-23 09:19:45','2015-05-23 09:19:45',1);

/*Table structure for table `groups` */

DROP TABLE IF EXISTS `groups`;

CREATE TABLE `groups` (
  `id` int(10) unsigned NOT NULL AUTO_INCREMENT,
  `name` varchar(255) COLLATE utf8_unicode_ci NOT NULL,
  `permissions` text COLLATE utf8_unicode_ci,
  `created_at` timestamp NOT NULL DEFAULT '0000-00-00 00:00:00',
  `updated_at` timestamp NOT NULL DEFAULT '0000-00-00 00:00:00',
  PRIMARY KEY (`id`),
  UNIQUE KEY `groups_name_unique` (`name`)
) ENGINE=InnoDB AUTO_INCREMENT=3 DEFAULT CHARSET=utf8 COLLATE=utf8_unicode_ci;

/*Data for the table `groups` */

insert  into `groups`(`id`,`name`,`permissions`,`created_at`,`updated_at`) values (1,'Users','{\"users\":1}','2014-11-07 08:51:30','2014-11-07 08:51:30'),(2,'Admins','{\"admin\":1,\"users\":1}','2014-11-07 08:51:30','2014-11-07 08:51:30');

/*Table structure for table `ip_ranges` */

DROP TABLE IF EXISTS `ip_ranges`;

CREATE TABLE `ip_ranges` (
  `id` int(10) unsigned NOT NULL AUTO_INCREMENT,
  `range` varchar(255) COLLATE utf8_unicode_ci NOT NULL,
  `created_at` timestamp NOT NULL DEFAULT '0000-00-00 00:00:00',
  `updated_at` timestamp NOT NULL DEFAULT '0000-00-00 00:00:00',
  PRIMARY KEY (`id`)
) ENGINE=InnoDB AUTO_INCREMENT=81 DEFAULT CHARSET=utf8 COLLATE=utf8_unicode_ci;

/*Data for the table `ip_ranges` */

insert  into `ip_ranges`(`id`,`range`,`created_at`,`updated_at`) values (79,'23.227.32.0 - 23.227.63.255','2015-07-30 13:24:26','2015-07-30 13:24:26'),(80,'204.93.213.0 - 204.93.213.255','2015-07-30 13:24:26','2015-07-30 13:24:26');

/*Table structure for table `libraries` */

DROP TABLE IF EXISTS `libraries`;

CREATE TABLE `libraries` (
  `id` int(10) unsigned NOT NULL AUTO_INCREMENT,
  `user_id` int(11) NOT NULL,
  `src` varchar(255) COLLATE utf8_unicode_ci NOT NULL,
  `created_at` timestamp NOT NULL DEFAULT '0000-00-00 00:00:00',
  `updated_at` timestamp NOT NULL DEFAULT '0000-00-00 00:00:00',
  `type` varchar(255) COLLATE utf8_unicode_ci NOT NULL,
  `thumbnail` varchar(255) COLLATE utf8_unicode_ci NOT NULL,
  PRIMARY KEY (`id`)
) ENGINE=InnoDB AUTO_INCREMENT=150 DEFAULT CHARSET=utf8 COLLATE=utf8_unicode_ci;

/*Data for the table `libraries` */

insert  into `libraries`(`id`,`user_id`,`src`,`created_at`,`updated_at`,`type`,`thumbnail`) values (4,2,'http://www.ebay.com/itm/NEW-SF-Giants-2014-World-Series-Sports-Illustrated-Commemorative-Issue-Bumgarner-/171529680233?pt=US_Baseball_Fan_Shop','2014-11-12 23:13:36','2014-11-12 23:13:36','product','http://i.ebayimg.com/00/s/MTQ5MVgxMTAx/z/XK0AAOSwcF9UWWX2/$_1.JPG'),(5,2,'http://youtu.be/KxTnVAARhTA','2014-11-13 22:08:26','2014-11-13 22:08:26','video','https://i.ytimg.com/vi/KxTnVAARhTA/hqdefault.jpg'),(6,2,'http://youtu.be/n-3Y_x9Q44U','2014-11-13 22:08:28','2014-11-13 22:08:28','video','https://i.ytimg.com/vi/n-3Y_x9Q44U/hqdefault.jpg'),(7,2,'http://mywallpaperhome.blogspot.com/2011/12/metallica-background.html','2014-11-13 22:09:53','2014-11-13 22:09:53','image','http://ts4.mm.bing.net/th?id=HN.608049223514982265&w=243&h=182&c=7&rs=1&pid=1.7'),(8,2,'http://www.amazon.com/Heart-Giants-Charcoal-Hearther-X-Large/dp/B002APIECY%3Fpsc%3D1%26SubscriptionId%3DAKIAIF6UCBJ22HQZJ4MA%26tag%3Djgilgarcia-20%26linkCode%3Dxm2%26camp%3D2025%26creative%3D165953%26creativeASIN%3DB002APIECY','2014-11-13 22:13:58','2014-11-13 22:13:58','product','http://ecx.images-amazon.com/images/I/51Fa8QY8i1L.jpg'),(9,2,'http://www.ebay.com/itm/MLB-San-Francisco-Giants-2014-World-Series-Champions-Patch-Bumgarner-FREESHIP-/141461981325?pt=US_Baseball_Fan_Shop','2014-11-13 22:14:14','2014-11-13 22:14:14','product','http://i.ebayimg.com/00/s/MTAyNFg3Njg=/z/ExAAAOSw54xUXYIi/$_1.JPG'),(11,32,'http://youtu.be/n06RZfJFuEM','2014-11-13 23:15:19','2014-11-13 23:15:19','video','https://i.ytimg.com/vi/n06RZfJFuEM/hqdefault.jpg'),(12,6,'http://youtu.be/8361stZ8n0w','2014-11-14 15:01:20','2014-11-14 15:01:20','video','https://i.ytimg.com/vi/8361stZ8n0w/hqdefault.jpg'),(13,6,'http://youtu.be/F8P_vCkOHPs','2014-11-14 16:09:41','2014-11-14 16:09:41','video','https://i.ytimg.com/vi/F8P_vCkOHPs/hqdefault.jpg'),(14,6,'http://www.zimbio.com/pictures/64MSHjJf2Kc/New+York+Yankees+Photo+Day/2JpxruFU77p/Derek+Jeter','2014-11-14 16:11:26','2014-11-14 16:11:26','image','http://ts3.mm.bing.net/th?id=HN.608003344670854915&w=105&h=164&c=7&rs=1&pid=1.7'),(15,6,'http://www.cafepress.com/mf/87675872/i-heart-jeter_sticker?productId=1266058320','2014-11-14 16:12:47','2014-11-14 16:12:47','image','http://i3.cpcache.com/product/1266058320/i_heart_jeter_sticker.jpg?height=225&width=225'),(16,6,'http://www.myiconart.com/t-shirts/sons-of-anarchy-t-shirt-motorcycle-club-logo.html','2014-11-14 16:17:19','2014-11-14 16:17:19','image','http://ts1.mm.bing.net/th?id=HN.608033280599723791&w=147&h=164&c=7&rs=1&pid=1.7'),(17,6,'http://laughingsquid.com/son-of-anakin-a-star-wars-meets-sons-of-anarchy-design/','2014-11-14 16:17:45','2014-11-14 16:17:45','image','http://ts4.mm.bing.net/th?id=HN.608019721380495953&w=192&h=178&c=7&rs=1&pid=1.7'),(24,62,'http://sellmyhousenj.net/','2014-11-15 04:04:25','2014-11-15 04:04:25','image','http://ts1.mm.bing.net/th?id=HN.607988273632641471&w=134&h=168&c=7&rs=1&pid=1.7'),(28,80,'http://www.jokideo.com/funny-dogs-calm-down-son/','2014-11-16 06:45:33','2014-11-16 06:45:33','image','http://ts2.mm.bing.net/th?id=HN.607990915038775325&w=171&h=172&c=7&rs=1&pid=1.7'),(29,80,'http://webdesignledger.com/inspiration/30-funny-print-ads-thatll-make-you-laugh','2014-11-16 06:45:36','2014-11-16 06:45:36','image','http://ts3.mm.bing.net/th?id=HN.608042364450508445&w=225&h=164&c=7&rs=1&pid=1.7'),(31,30,'http://skreened.com/kbdesigns/one-in-a-million','2014-11-17 01:25:08','2014-11-17 01:25:08','image','http://skreened.com/render-product/a/w/w/awwivdagqsafaucahwnf/image.w335h380b3.jpg'),(32,30,'http://blog.al.com/rapsheet/2008/08/what_is_the_bama_way.html','2014-11-17 01:40:42','2014-11-17 01:40:42','image','http://ts4.mm.bing.net/th?id=HN.608002408368507070&w=144&h=177&c=7&rs=1&pid=1.7'),(33,30,'http://chiteez.spreadshirt.com/every-rose-has-it-s-horns-t-shirt-A9319769','2014-11-17 01:56:11','2014-11-17 01:56:11','image','http://ts4.mm.bing.net/th?id=HN.608050580715801249&w=177&h=177&c=7&rs=1&pid=1.7'),(34,30,'http://skreened.com/bella_ent/derrick-rose','2014-11-17 01:58:04','2014-11-17 01:58:04','image','http://skreened.com/render-product/e/z/e/ezeciicuanasginkoymo/image.w335h380b3.jpg'),(36,13,'http://www.sports-logos-screensavers.com/CincinnatiBengals.html','2014-11-17 22:31:01','2014-11-17 22:31:01','image','http://ts1.mm.bing.net/th?id=HN.608049262166804739&w=227&h=170&c=7&rs=1&pid=1.7'),(38,124,'http://www.bookpage.com/the-book-case/2010/08/23/pumped-up-for-mockingjay/mockingjay-2/','2014-11-17 22:45:27','2014-11-17 22:45:27','image','http://ts1.mm.bing.net/th?id=HN.608027937665519606&w=174&h=166&c=7&rs=1&pid=1.7'),(39,124,'http://www.cafepress.com/mf/93945776/mockingjays-w_long-sleeve-tshirt?productId=1425142706','2014-11-17 23:21:19','2014-11-17 23:21:19','image','http://i3.cpcache.com/product/1425142706/mockingjays_w_long_sleeve_tshirt.jpg?height=225&width=225'),(41,48,'http://youtu.be/DPMWxTAqUXo','2014-11-18 02:05:36','2014-11-18 02:05:36','video','https://i.ytimg.com/vi/DPMWxTAqUXo/hqdefault.jpg'),(42,48,'http://youtu.be/atwSW3HyJNI','2014-11-18 02:05:41','2014-11-18 02:05:41','video','https://i.ytimg.com/vi/atwSW3HyJNI/hqdefault.jpg'),(43,48,'http://youtu.be/C9EN2D75n40','2014-11-18 02:05:48','2014-11-18 02:05:48','video','https://i.ytimg.com/vi/C9EN2D75n40/hqdefault.jpg'),(44,48,'http://youtu.be/bRdOTm1XWEE','2014-11-18 02:05:58','2014-11-18 02:05:58','video','https://i.ytimg.com/vi/bRdOTm1XWEE/hqdefault.jpg'),(45,48,'http://youtu.be/9onRDNLOMEA','2014-11-18 02:06:05','2014-11-18 02:06:05','video','https://i.ytimg.com/vi/9onRDNLOMEA/hqdefault.jpg'),(46,48,'http://youtu.be/LWlCNL-93_U','2014-11-18 02:06:10','2014-11-18 02:06:10','video','https://i.ytimg.com/vi/LWlCNL-93_U/hqdefault.jpg'),(47,48,'http://youtu.be/CQLv4rZiwPw','2014-11-18 02:06:19','2014-11-18 02:06:19','video','https://i.ytimg.com/vi/CQLv4rZiwPw/hqdefault.jpg'),(48,52,'http://youtu.be/yTK602Lo2nY','2014-11-18 09:02:37','2014-11-18 09:02:37','video','https://i.ytimg.com/vi/yTK602Lo2nY/hqdefault.jpg'),(49,52,'http://youtu.be/faWzDw7G7Wc','2014-11-18 09:02:53','2014-11-18 09:02:53','video','https://i.ytimg.com/vi/faWzDw7G7Wc/hqdefault.jpg'),(50,52,'http://youtu.be/LQvOk7bxnGg','2014-11-18 09:02:56','2014-11-18 09:02:56','video','https://i.ytimg.com/vi/LQvOk7bxnGg/hqdefault.jpg'),(51,52,'http://youtu.be/uiSTzIYA5pY','2014-11-18 09:03:15','2014-11-18 09:03:15','video','https://i.ytimg.com/vi/uiSTzIYA5pY/hqdefault.jpg'),(52,52,'http://s904.photobucket.com/user/BamBam2112/media/happy-birthday-quotes-funny-for-boss-i14.jpg.html','2014-11-18 09:07:13','2014-11-18 09:07:13','image','http://ts4.mm.bing.net/th?id=HN.608037652866860588&w=225&h=172&c=7&rs=1&pid=1.7'),(54,52,'http://www.themescompany.com/2012/01/07/funny-images/','2014-11-18 09:07:36','2014-11-18 09:07:36','image','http://ts4.mm.bing.net/th?id=HN.608032172489245611&w=212&h=164&c=7&rs=1&pid=1.7'),(55,52,'http://www.zazzle.com/i_noticed_you_noticing_me_postcards-239199880604013387','2014-11-18 09:13:44','2014-11-18 09:13:44','image','http://ts1.mm.bing.net/th?id=HN.608042755294758620&w=158&h=164&c=7&rs=1&pid=1.7'),(56,1,'http://teespring.com/fire-willmuschamp','2014-11-18 22:38:06','2014-11-18 22:38:06','image','http://ts3.mm.bing.net/th?id=HN.608010096365929622&w=153&h=180&c=7&rs=1&pid=1.7'),(57,66,'http://teenormous.com/t-shirts/Aaron-Rodgers-Toddler-Jersey-Home-Green-Game-Replica-12-Nike-Green-Bay-Packers-Toddler-Jersey-by-Fansedge-com-1165433','2014-11-18 23:43:01','2014-11-18 23:43:01','image','http://ts1.mm.bing.net/th?id=HN.608006870846342062&w=191&h=186&c=7&rs=1&pid=1.7'),(58,66,'http://www.nflpackersus.com/Womens-Aaron-Rodgers-Authentic-Jersey/','2014-11-18 23:45:19','2014-11-18 23:45:19','image','http://ts2.mm.bing.net/th?id=HN.608035698660543890&w=189&h=188&c=7&rs=1&pid=1.7'),(59,66,'http://www.cafepress.com/+rodgering_throw_blanket,1031006618','2014-11-18 23:48:07','2014-11-18 23:48:07','image','http://i1.cpcache.com/product/1031006618/rodgering_throw_blanket.jpg?height=225&width=225'),(60,30,'http://www.buymerchant.net/products/Hi_Hater_Hip_Hop_T_Shirt_Short_Sleeve-92-41.html','2014-11-19 03:55:01','2014-11-19 03:55:01','image','http://ts1.mm.bing.net/th?id=HN.607988411076447216&w=135&h=165&c=7&rs=1&pid=1.7'),(61,66,'http://www.fannation.com/truth_and_rumors/view/385450-scout-giancarlo-stanton-was-playing-like-he-wants-out-of-miami','2014-11-19 19:02:16','2014-11-19 19:02:16','image','http://ts1.mm.bing.net/th?id=HN.608039027263670992&w=154&h=164&c=7&rs=1&pid=1.7'),(62,66,'http://bleacherreport.com/articles/1487345-how-can-the-marlins-convince-giancarlo-stanton-to-stay-in-miami','2014-11-19 19:02:34','2014-11-19 19:02:34','image','http://ts3.mm.bing.net/th?id=HN.607993341699100292&w=194&h=184&c=7&rs=1&pid=1.7'),(63,66,'http://www.majesticathletic.com/Mike-Stanton-BP-Jersey-Miami-Marlins-27-Black-Authentic-Cool-Base-Batting-Practice-Jersey-_-955207749_PD.html','2014-11-19 19:03:02','2014-11-19 19:03:02','image','http://ts1.mm.bing.net/th?id=HN.608001416241023854&w=187&h=187&c=7&rs=1&pid=1.7'),(64,66,'http://www.zazzle.com/giancarlo_stanton_tshirts-235143730783560386','2014-11-19 19:03:47','2014-11-19 19:03:47','image','http://ts3.mm.bing.net/th?id=HN.608044907080584574&w=155&h=164&c=7&rs=1&pid=1.7'),(65,61,'http://www.pinterest.com/pin/205899014183635227/','2014-11-19 20:31:26','2014-11-19 20:31:26','image','http://ts4.mm.bing.net/th?id=HN.608013218800272202&w=116&h=164&c=7&rs=1&pid=1.7'),(66,61,'http://skreened.com/titletownsports/we-will-gronk-you','2014-11-19 20:32:01','2014-11-19 20:32:01','image','http://skreened.com/render-product/t/i/j/tijmvwcssuqimksasqqn/image.w335h380b3.jpg'),(67,61,'http://skreened.com/dilemma/gronk','2014-11-19 20:32:02','2014-11-19 20:32:02','image','http://skreened.com/render-product/o/b/c/obccsgcgzswbacyusapi/image.w335h380b3.jpg'),(68,61,'http://skreened.com/titletownsports/gronk','2014-11-19 20:32:03','2014-11-19 20:32:03','image','http://skreened.com/render-product/q/y/n/qynaurowusquziuymwsg/image.w335h380b3.jpg'),(69,13,'http://lesports.wordpress.com/2011/01/28/go-steelers/','2014-11-20 01:24:36','2014-11-20 01:24:36','image','http://ts4.mm.bing.net/th?id=HN.608044666561955902&w=231&h=173&c=7&rs=1&pid=1.7'),(70,112,'http://youtu.be/wpU8Iz8ZRs8','2014-11-20 02:21:35','2014-11-20 02:21:35','video','https://i.ytimg.com/vi/wpU8Iz8ZRs8/hqdefault.jpg'),(71,112,'http://youtu.be/MP8Of6gbZaM','2014-11-20 02:21:38','2014-11-20 02:21:38','video','https://i.ytimg.com/vi/MP8Of6gbZaM/hqdefault.jpg'),(72,112,'http://youtu.be/aRaM1LuxT5o','2014-11-20 02:21:45','2014-11-20 02:21:45','video','https://i.ytimg.com/vi/aRaM1LuxT5o/hqdefault.jpg'),(73,112,'http://youtu.be/35Zlhd2aWPA','2014-11-20 02:22:15','2014-11-20 02:22:15','video','https://i.ytimg.com/vi/35Zlhd2aWPA/hqdefault.jpg'),(74,112,'http://youtu.be/2nxmlb-ls48','2014-11-20 02:43:41','2014-11-20 02:43:41','video','https://i.ytimg.com/vi/2nxmlb-ls48/hqdefault.jpg'),(75,112,'http://www.jabberjays.net/2014/05/15/the-hunger-games-mockingjay-part-1-official-motion-poster/','2014-11-20 02:59:48','2014-11-20 02:59:48','image','http://ts4.mm.bing.net/th?id=HN.607999096954162001&w=191&h=164&c=7&rs=1&pid=1.7'),(76,112,'http://funnytshirtgifts.com/awesome-duck-dynasty-save-phil-cool-t-shirt/','2014-11-20 03:28:53','2014-11-20 03:28:53','image','http://ts4.mm.bing.net/th?id=HN.607996820616448662&w=164&h=164&c=7&rs=1&pid=1.7'),(77,112,'http://skreened.com/funnyt/i-support-phil-duck-dynasty-tee-tshirt-t-shirt','2014-11-20 03:28:57','2014-11-20 03:28:57','image','http://ts4.mm.bing.net/th?id=HN.608010710545992266&w=141&h=164&c=7&rs=1&pid=1.7'),(78,84,'http://forums.onedirection.net/gallery/image/1456-one-direction-t-shirt-7/','2014-11-20 06:20:52','2014-11-20 06:20:52','image','http://ts4.mm.bing.net/th?id=HN.608014683385563363&w=120&h=181&c=7&rs=1&pid=1.7'),(79,84,'http://skreened.com/fangirluniverse/one-direction','2014-11-20 06:21:01','2014-11-20 06:21:01','image','http://ts4.mm.bing.net/th?id=HN.608021061407148526&w=182&h=181&c=7&rs=1&pid=1.7'),(80,84,'http://www.flickr.com/photos/51918491@N03/7211639252/','2014-11-20 06:21:10','2014-11-20 06:21:10','image','http://ts3.mm.bing.net/th?id=HN.608031644208990589&w=171&h=181&c=7&rs=1&pid=1.7'),(81,84,'http://love4tshirts.wordpress.com/2014/04/14/i-love-one-direction-t-shirt/','2014-11-20 06:21:13','2014-11-20 06:21:13','image','http://ts3.mm.bing.net/th?id=HN.608024982719433751&w=117&h=168&c=7&rs=1&pid=1.7'),(82,84,'http://www.le14clothing.co.uk/mens-clothing/kids/one-direction-kids-t-shirt/','2014-11-20 06:21:16','2014-11-20 06:21:16','image','http://ts4.mm.bing.net/th?id=HN.607994131970131061&w=168&h=168&c=7&rs=1&pid=1.7'),(83,84,'http://skreened.com/onejanoction/one-direction-nicknames','2014-11-20 06:21:21','2014-11-20 06:21:21','image','http://ts3.mm.bing.net/th?id=HN.608036982854976975&w=168&h=168&c=7&rs=1&pid=1.7'),(84,84,'http://www.redbubble.com/people/1453k/works/9413606-one-direction?p=sticker','2014-11-20 06:21:29','2014-11-20 06:21:29','image','http://ts4.mm.bing.net/th?id=HN.607991816986363629&w=196&h=187&c=7&rs=1&pid=1.7'),(85,84,'http://www.soopos.info/gaborone-one-direction-t-shirts/','2014-11-20 06:22:25','2014-11-20 06:22:25','image','http://ts2.mm.bing.net/th?id=HN.608032863984748121&w=169&h=187&c=7&rs=1&pid=1.7'),(86,84,'http://www.popscreen.com/p/MTYxMjg5ODI0/one-direction-hoodie-in-Kids-Clothing-Shoes-Accs','2014-11-20 06:22:28','2014-11-20 06:22:28','image','http://ts4.mm.bing.net/th?id=HN.608043541274627013&w=166&h=166&c=7&rs=1&pid=1.7'),(87,84,'http://www.fanpop.com/spots/one-direction/images/18517451/title/one-direction-clothing-photo','2014-11-20 06:22:33','2014-11-20 06:22:33','image','http://ts1.mm.bing.net/th?id=HN.607989020958330337&w=166&h=166&c=7&rs=1&pid=1.7'),(88,84,'http://www.glogster.com/melikemalik/wishlist/g-6lf4edtue8nm7onke23u9a0','2014-11-20 06:22:44','2014-11-20 06:22:44','image','http://ts1.mm.bing.net/th?id=HN.608038060894653754&w=125&h=166&c=7&rs=1&pid=1.7'),(89,84,'http://www.popscreen.com/p/MTYxMjg5ODI0/one-direction-hoodie-in-Kids-Clothing-Shoes-Accs','2014-11-20 06:22:53','2014-11-20 06:22:53','image','http://ts4.mm.bing.net/th?id=HN.608047415339780660&w=110&h=164&c=7&rs=1&pid=1.7'),(90,84,'http://www.onedirectionstore.com/onedirection/onedirection/One-Direction-Red-Hoodie/1MDZ0000000','2014-11-20 06:22:56','2014-11-20 06:22:56','image','http://ts1.mm.bing.net/th?id=HN.608009572379985598&w=147&h=164&c=7&rs=1&pid=1.7'),(91,84,'http://www.keepcalm-o-matic.co.uk/p/keep-calm-and-love-one-direction-1405/','2014-11-20 06:23:15','2014-11-20 06:23:15','image','http://ts3.mm.bing.net/th?id=HN.607989051022705523&w=158&h=164&c=7&rs=1&pid=1.7'),(92,84,'http://www.keepcalm-o-matic.co.uk/p/keep-calm-and-love-one-direction-2211/','2014-11-20 06:23:18','2014-11-20 06:23:18','image','http://ts2.mm.bing.net/th?id=HN.608021035640095730&w=158&h=164&c=7&rs=1&pid=1.7'),(93,84,'http://www.ebay.com.au/itm/Heart-Love-One-Direction-Logo-Harry-womens-girls-music-t-shirt-white-New-/320882246503','2014-11-20 06:23:25','2014-11-20 06:23:25','image','http://ts1.mm.bing.net/th?id=HN.607992641617268026&w=158&h=164&c=7&rs=1&pid=1.7'),(94,84,'http://www.character.com/one-direction-t-shirt-white-heart.html','2014-11-20 06:24:15','2014-11-20 06:24:15','image','http://ts3.mm.bing.net/th?id=HN.608054201386667844&w=147&h=164&c=7&rs=1&pid=1.7'),(95,84,'http://www.lelong.com.my/one-direction-t-shirt-2337-moresales-114514004-2013-03-Sale-P.htm','2014-11-20 06:24:17','2014-11-20 06:24:17','image','http://ts1.mm.bing.net/th?id=HN.608009413458921117&w=162&h=164&c=7&rs=1&pid=1.7'),(96,84,'http://www.beetshirt.com/view/1013704/one-direction-boy-band-usa-concert-t-shirt','2014-11-20 06:24:20','2014-11-20 06:24:20','image','http://ts1.mm.bing.net/th?id=HN.608040453193074093&w=163&h=164&c=7&rs=1&pid=1.7'),(97,84,'http://quoteko.com/one-direction-clothing-logo-shirt-boy-band-tank-top.html','2014-11-20 06:25:06','2014-11-20 06:25:06','image','http://ts3.mm.bing.net/th?id=HN.608050357386153881&w=152&h=164&c=7&rs=1&pid=1.7'),(98,84,'http://www.tshirtsandgifts.co.uk/popmusic-t-shirts/455-one-direction-t-shirt-i-love-1d-mens.html','2014-11-20 06:25:13','2014-11-20 06:25:13','image','http://ts1.mm.bing.net/th?id=HN.607997490633248713&w=147&h=164&c=7&rs=1&pid=1.7'),(99,84,'http://tshirtmafia.co.uk/keep-calm-and-love-one-direction-t-shirt-1091.t','2014-11-20 06:25:17','2014-11-20 06:25:17','image','http://ts1.mm.bing.net/th?id=HN.608006797825937108&w=147&h=164&c=7&rs=1&pid=1.7'),(100,84,'http://www.quoteko.com/one-direction-fleece-clothing-shoes-accessories-ebay.html','2014-11-20 06:25:28','2014-11-20 06:25:28','image','http://ts4.mm.bing.net/th?id=HN.608040577748828293&w=161&h=164&c=7&rs=1&pid=1.7'),(101,65,'http://youtu.be/G790p0LcgbI','2014-11-20 12:22:43','2014-11-20 12:22:43','video','https://i.ytimg.com/vi/G790p0LcgbI/hqdefault.jpg'),(102,65,'http://youtu.be/0_XSUFyNA-I','2014-11-20 12:24:41','2014-11-20 12:24:41','video','https://i.ytimg.com/vi/0_XSUFyNA-I/hqdefault.jpg'),(103,65,'http://youtu.be/t7IlKhqJPH8','2014-11-20 12:24:43','2014-11-20 12:24:43','video','https://i.ytimg.com/vi/t7IlKhqJPH8/hqdefault.jpg'),(104,65,'http://youtu.be/on8nZlpUQu4','2014-11-20 12:24:50','2014-11-20 12:24:50','video','https://i.ytimg.com/vi/on8nZlpUQu4/hqdefault.jpg'),(105,65,'http://youtu.be/F1PCuTLrfcE','2014-11-20 12:24:55','2014-11-20 12:24:55','video','https://i.ytimg.com/vi/F1PCuTLrfcE/hqdefault.jpg'),(106,65,'http://youtu.be/dRj8OsgfqEk','2014-11-20 12:24:57','2014-11-20 12:24:57','video','https://i.ytimg.com/vi/dRj8OsgfqEk/hqdefault.jpg'),(107,65,'http://youtu.be/bUSWcibj9zY','2014-11-20 12:25:07','2014-11-20 12:25:07','video','https://i.ytimg.com/vi/bUSWcibj9zY/hqdefault.jpg'),(108,65,'http://youtu.be/s6yoHcOhF0U','2014-11-20 12:25:08','2014-11-20 12:25:08','video','https://i.ytimg.com/vi/s6yoHcOhF0U/hqdefault.jpg'),(109,65,'http://youtu.be/Y_e00NjQvFM','2014-11-20 12:25:16','2014-11-20 12:25:16','video','https://i.ytimg.com/vi/Y_e00NjQvFM/hqdefault.jpg'),(110,65,'http://youtu.be/8Hcu1S2GKf0','2014-11-20 12:25:25','2014-11-20 12:25:25','video','https://i.ytimg.com/vi/8Hcu1S2GKf0/hqdefault.jpg'),(111,65,'http://youtu.be/TQOuVeolN6g','2014-11-20 12:25:53','2014-11-20 12:25:53','video','https://i.ytimg.com/vi/TQOuVeolN6g/hqdefault.jpg'),(112,65,'http://youtu.be/tLOV4oUXawg','2014-11-20 12:26:04','2014-11-20 12:26:04','video','https://i.ytimg.com/vi/tLOV4oUXawg/hqdefault.jpg'),(113,65,'http://youtu.be/O6U37OKx9-4','2014-11-20 12:26:06','2014-11-20 12:26:06','video','https://i.ytimg.com/vi/O6U37OKx9-4/hqdefault.jpg'),(114,65,'http://youtu.be/widdo2hqrCc','2014-11-20 12:26:08','2014-11-20 12:26:08','video','https://i.ytimg.com/vi/widdo2hqrCc/hqdefault.jpg'),(115,65,'http://youtu.be/Adrdmmh7bMo','2014-11-20 12:26:12','2014-11-20 12:26:12','video','https://i.ytimg.com/vi/Adrdmmh7bMo/hqdefault.jpg'),(116,65,'http://youtu.be/DKhkQqA53v0','2014-11-20 12:26:42','2014-11-20 12:26:42','video','https://i.ytimg.com/vi/DKhkQqA53v0/hqdefault.jpg'),(117,65,'http://youtu.be/JSi3r8Kw5XM','2014-11-20 12:28:06','2014-11-20 12:28:06','video','https://i.ytimg.com/vi/JSi3r8Kw5XM/hqdefault.jpg'),(118,65,'http://youtu.be/zOdDFvSPZDI','2014-11-20 12:29:20','2014-11-20 12:29:20','video','https://i.ytimg.com/vi/zOdDFvSPZDI/hqdefault.jpg'),(119,6,'http://shop.reebok.com/us/product/men-philadelphia-flyers-nhl-hoodie-apparel/NHL_HOODIE_FLYERS_6?cid=M91456&breadcrumb=u2Z1z139loZ1z13070Z1z11zrf','2014-11-20 22:20:20','2014-11-20 22:20:20','image','http://ts1.mm.bing.net/th?id=HN.608001089823835294&w=208&h=164&c=7&rs=1&pid=1.7'),(120,173,'http://www.bbstylefashion.com/2014/07/28/youth-staching-through-the-snow-t-shirt-funny-mustache-shirt-for-kids/','2014-11-21 15:56:24','2014-11-21 15:56:24','image','http://ts2.mm.bing.net/th?id=HN.608000157820518721&w=170&h=170&c=7&rs=1&pid=1.7'),(121,173,'http://pics9.imagezone.org/key/buffalo%20ny%20snow','2014-11-21 15:58:35','2014-11-21 15:58:35','image','http://ts1.mm.bing.net/th?id=HN.608056284449605088&w=187&h=186&c=7&rs=1&pid=1.7'),(122,126,'http://www.amazon.com/Top-Notch-Custom-Apparel-Legends/dp/B00IYKRR0Y%3Fpsc%3D1%26SubscriptionId%3DAKIAIF6UCBJ22HQZJ4MA%26tag%3Djgilgarcia-20%26linkCode%3Dxm2%26camp%3D2025%26creative%3D165953%26creativeASIN%3DB00IYKRR0Y','2014-11-22 01:59:27','2014-11-22 01:59:27','product','http://ecx.images-amazon.com/images/I/41YgkHcnlVL.jpg'),(123,126,'http://teenormous.com/t-shirts/Vancouver-Canucks-Classic-Full-Zip-Hoodie-by-IceJerseys-947729','2014-11-22 02:57:43','2014-11-22 02:57:43','image','http://ts1.mm.bing.net/th?id=HN.608031906214318021&w=148&h=164&c=7&rs=1&pid=1.7'),(124,186,'http://youtu.be/wDb04qgN3Hc','2014-11-22 09:20:46','2014-11-22 09:20:46','video','https://i.ytimg.com/vi/wDb04qgN3Hc/hqdefault.jpg'),(127,157,'http://www.sports-logos-screensavers.com/DallasCowboys.html','2014-11-22 22:14:02','2014-11-22 22:14:02','image','http://ts1.mm.bing.net/th?id=HN.608054214280807353&w=219&h=164&c=7&rs=1&pid=1.7'),(128,157,'http://www.sports-logos-screensavers.com/DallasCowboys.html','2014-11-22 22:14:14','2014-11-22 22:14:14','image','http://ts2.mm.bing.net/th?id=HN.608049068905533032&w=232&h=173&c=7&rs=1&pid=1.7'),(129,157,'http://www.sports-logos-screensavers.com/DallasCowboys.html','2014-11-22 22:14:36','2014-11-22 22:14:36','image','http://ts3.mm.bing.net/th?id=HN.608040874101771883&w=234&h=176&c=7&rs=1&pid=1.7'),(130,157,'http://www.etsy.com/listing/63473763/dallas-cowboys-quotetexas-stadium-has-a','2014-11-22 22:16:56','2014-11-22 22:16:56','image','http://ts4.mm.bing.net/th?id=HN.608012402770185283&w=219&h=164&c=7&rs=1&pid=1.7'),(131,157,'http://w7.funformobile.com/blog/blogItem.php?uid=1fiwma3w1b&aid=87253&p=1','2014-11-22 22:17:12','2014-11-22 22:17:12','image','http://ts4.mm.bing.net/th?id=HN.608044765346073244&w=266&h=177&c=7&rs=1&pid=1.7'),(132,173,'http://tshirtsky.com/the-hunger-games-mockingjay-classical-logo-t-shirt.html','2014-11-23 03:38:23','2014-11-23 03:38:23','image','http://ts3.mm.bing.net/th?id=HN.607999045418353768&w=209&h=188&c=7&rs=1&pid=1.7'),(133,173,'http://www.squidoo.com/hunger-games-clothing','2014-11-23 03:39:35','2014-11-23 03:39:35','image','http://ts4.mm.bing.net/th?id=HN.608050825540734495&w=160&h=153&c=7&rs=1&pid=1.7'),(134,106,'http://zerotips.com/quotes/80-inspirational-quotes/','2014-11-23 20:08:33','2014-11-23 20:08:33','image','http://ts4.mm.bing.net/th?id=HN.608024591890188698&w=189&h=187&c=7&rs=1&pid=1.7'),(135,106,'http://www.quotes160.com/2010/03/difference-between-impossible-and.html','2014-11-23 20:11:48','2014-11-23 20:11:48','image','http://ts4.mm.bing.net/th?id=HN.608035582712547805&w=299&h=187&c=7&rs=1&pid=1.7'),(136,106,'http://www.quotestree.com/funny-inspirational-quotes.html','2014-11-23 20:16:25','2014-11-23 20:16:25','image','http://ts4.mm.bing.net/th?id=HN.608031889032743902&w=197&h=164&c=7&rs=1&pid=1.7'),(137,113,'http://www.rickey.org/new-hunger-games-mockingjay-posters-propaganda-districts/263531/','2014-11-23 22:06:44','2014-11-23 22:06:44','image','http://ts4.mm.bing.net/th?id=HN.608016285412363199&w=149&h=188&c=7&rs=1&pid=1.7'),(138,212,'http://youtu.be/U7fJOTVFsJo','2014-11-24 01:01:18','2014-11-24 01:01:18','video','https://i.ytimg.com/vi/U7fJOTVFsJo/hqdefault.jpg'),(139,212,'http://youtu.be/52ZPlDSmEj4','2014-11-24 01:01:34','2014-11-24 01:01:34','video','https://i.ytimg.com/vi/52ZPlDSmEj4/hqdefault.jpg'),(140,212,'http://youtu.be/Ig3hkLxl1Yg','2014-11-24 01:01:47','2014-11-24 01:01:47','video','https://i.ytimg.com/vi/Ig3hkLxl1Yg/hqdefault.jpg'),(141,212,'http://youtu.be/8qqoTWfd66k','2014-11-24 01:01:47','2014-11-24 01:01:47','video','https://i.ytimg.com/vi/8qqoTWfd66k/hqdefault.jpg'),(142,212,'http://youtu.be/9X_D32LVz_s','2014-11-24 01:01:54','2014-11-24 01:01:54','video','https://i.ytimg.com/vi/9X_D32LVz_s/hqdefault.jpg'),(143,212,'http://youtu.be/UMdlZv7MiFE','2014-11-24 01:01:58','2014-11-24 01:01:58','video','https://i.ytimg.com/vi/UMdlZv7MiFE/hqdefault.jpg'),(144,1,'http://www.zazzle.com/i_am_ny_tshirt-235254271681366121','2015-04-26 06:08:03','2015-04-26 06:08:03','image','http://rlv.zcache.com/i_am_ny_tshirt-reaea638beedf4412a418c161e2c466bf_804gs_324.jpg'),(145,1,'http://www.zazzle.com/i_am_ny_tshirt-235254271681366121','2015-04-26 06:08:04','2015-04-26 06:08:04','image','http://rlv.zcache.com/i_am_ny_tshirt-reaea638beedf4412a418c161e2c466bf_804gs_324.jpg'),(146,1,'http://www.zazzle.com/i_am_ny_tshirt-235254271681366121','2015-04-26 06:08:05','2015-04-26 06:08:05','image','http://rlv.zcache.com/i_am_ny_tshirt-reaea638beedf4412a418c161e2c466bf_804gs_324.jpg'),(147,1,'http://www.zazzle.com/property_of_cs_army_tshirt-235816647739414727','2015-04-29 17:25:16','2015-04-29 17:25:16','image','http://rlv.zcache.com/property_of_cs_army_tshirt-rc6e2dddf161b4cba943b83b3dbae57c2_8na6x_324.jpg'),(148,1,'https://sportsdemotivation.wordpress.com/tag/funny/page/8/','2015-05-08 10:54:23','2015-05-08 10:54:23','image','http://t1.gstatic.com/images?q=tbn:ANd9GcQf9SuTk-tj_inirAHhV5cafO2mt8rXjuzOEFXm2cCqtPTIGzUyfYNCg1o'),(149,1,'https://expresswriters.com/how-the-yankees-are-killing-it-with-brand-awareness/','2015-07-20 08:00:43','2015-07-20 08:00:43','image','http://t1.gstatic.com/images?q=tbn:ANd9GcTxSuYva2T7cuc3nhgfpmGafDtK00UrkHay965ZQHenUsUhNIVunkIPWQ4');

/*Table structure for table `migrations` */

DROP TABLE IF EXISTS `migrations`;

CREATE TABLE `migrations` (
  `migration` varchar(255) COLLATE utf8_unicode_ci NOT NULL,
  `batch` int(11) NOT NULL
) ENGINE=InnoDB DEFAULT CHARSET=utf8 COLLATE=utf8_unicode_ci;

/*Data for the table `migrations` */

insert  into `migrations`(`migration`,`batch`) values ('2012_12_06_225921_migration_cartalyst_sentry_install_users',1),('2012_12_06_225929_migration_cartalyst_sentry_install_groups',1),('2012_12_06_225945_migration_cartalyst_sentry_install_users_groups_pivot',1),('2012_12_06_225988_migration_cartalyst_sentry_install_throttle',1),('2014_10_05_191726_create_favorites_table',1),('2014_10_08_191844_create_libraries_table',1),('2014_10_09_140108_remove_user_from_favorites_table',1),('2014_10_09_140219_add_user_id_to_favorites_table',1),('2014_10_10_041728_add_type_to_libraries_table',1),('2014_10_10_041843_add_thumbnail_to_libraries_table',1),('2014_10_10_041930_remove_url_from_libraries_table',1),('2014_12_02_081944_create_cache',2),('2015_07_16_142056_create_shopify_websites_table',2),('2015_07_21_015757_create_shopify_examples',3),('2015_07_22_070944_create_ip_range',4),('2015_07_24_135555_create_websites',5),('2015_08_05_152843_add_websites_fields',6),('2015_08_06_142316_create_website_details',7),('2015_08_12_120708_create_sites',8);

/*Table structure for table `shopify_examples` */

DROP TABLE IF EXISTS `shopify_examples`;

CREATE TABLE `shopify_examples` (
  `id` int(10) unsigned NOT NULL AUTO_INCREMENT,
  `category` varchar(255) COLLATE utf8_unicode_ci NOT NULL,
  `website_address` varchar(255) COLLATE utf8_unicode_ci NOT NULL,
  `ip_address` varchar(255) COLLATE utf8_unicode_ci NOT NULL,
  `ip_range` varchar(255) COLLATE utf8_unicode_ci NOT NULL,
  `created_at` timestamp NOT NULL DEFAULT '0000-00-00 00:00:00',
  `updated_at` timestamp NOT NULL DEFAULT '0000-00-00 00:00:00',
  PRIMARY KEY (`id`)
) ENGINE=InnoDB AUTO_INCREMENT=21 DEFAULT CHARSET=utf8 COLLATE=utf8_unicode_ci;

/*Data for the table `shopify_examples` */

insert  into `shopify_examples`(`id`,`category`,`website_address`,`ip_address`,`ip_range`,`created_at`,`updated_at`) values (10,'Featured','Shop.fiftythree.com','23.227.38.52','23.227.32.0 - 23.227.63.255','2015-07-21 04:36:24','2015-07-21 04:36:24'),(11,'Featured','Calmtheham.com','23.227.38.32','23.227.32.0 - 23.227.63.255','2015-07-21 04:36:26','2015-07-21 04:36:26'),(12,'Featured','Greats.com','23.227.38.32','23.227.32.0 - 23.227.63.255','2015-07-21 04:36:30','2015-07-21 04:36:30'),(13,'Featured','Sarahandabraham.com','69.163.131.108','69.163.128.0 - 69.163.255.255','2015-07-21 04:36:35','2015-07-21 04:36:35'),(14,'Featured','Dodocase.com','50.63.202.10','50.62.0.0 - 50.63.255.255','2015-07-21 04:36:36','2015-07-21 04:36:36'),(15,'Featured','Tattly.com','23.227.38.32','23.227.32.0 - 23.227.63.255','2015-07-21 04:36:37','2015-07-21 04:36:37'),(16,'Featured','Shop.eatboutique.com','162.255.119.254','162.255.119.128 - 162.255.119.255','2015-07-21 04:36:39','2015-07-21 04:36:39'),(17,'Featured','Leifshop.com','23.227.38.32','23.227.32.0 - 23.227.63.255','2015-07-21 04:36:40','2015-07-21 04:36:40'),(18,'Featured','Grovemade.com','104.24.122.147','104.16.0.0 - 104.31.255.255','2015-07-21 04:36:44','2015-07-21 04:36:44'),(19,'awerName','ereress','aaa','asf','2015-07-22 08:17:48','2015-07-22 08:17:48'),(20,'awerName','ereress','aaa','asf','2015-07-22 08:18:29','2015-07-22 08:18:29');

/*Table structure for table `shopify_sites` */

DROP TABLE IF EXISTS `shopify_sites`;

CREATE TABLE `shopify_sites` (
  `id` int(10) unsigned NOT NULL AUTO_INCREMENT,
  `user_id` int(11) NOT NULL,
  `category` varchar(255) COLLATE utf8_unicode_ci NOT NULL,
  `site_address` varchar(255) COLLATE utf8_unicode_ci NOT NULL,
  `ip_address` varchar(255) COLLATE utf8_unicode_ci NOT NULL,
  `ip_range` varchar(255) COLLATE utf8_unicode_ci NOT NULL,
  `created_at` timestamp NOT NULL DEFAULT '0000-00-00 00:00:00',
  `updated_at` timestamp NOT NULL DEFAULT '0000-00-00 00:00:00',
  PRIMARY KEY (`id`)
) ENGINE=InnoDB AUTO_INCREMENT=3 DEFAULT CHARSET=utf8 COLLATE=utf8_unicode_ci;

/*Data for the table `shopify_sites` */

insert  into `shopify_sites`(`id`,`user_id`,`category`,`site_address`,`ip_address`,`ip_range`,`created_at`,`updated_at`) values (1,0,'test','test','test','test','2015-08-11 09:24:22','2015-08-11 09:24:22'),(2,0,'test1','test1','test1','test1','2015-08-11 09:24:49','2015-08-11 09:24:49');

/*Table structure for table `sites` */

DROP TABLE IF EXISTS `sites`;

CREATE TABLE `sites` (
  `id` int(10) unsigned NOT NULL AUTO_INCREMENT,
  `website` varchar(255) COLLATE utf8_unicode_ci NOT NULL,
  `traffic_volume` int(11) DEFAULT NULL,
  `global_rank` int(11) DEFAULT NULL,
  `global_traffic` decimal(15,15) DEFAULT NULL,
  `created_at` timestamp NOT NULL DEFAULT '0000-00-00 00:00:00',
  `updated_at` timestamp NOT NULL DEFAULT '0000-00-00 00:00:00',
  PRIMARY KEY (`id`)
) ENGINE=InnoDB AUTO_INCREMENT=101 DEFAULT CHARSET=utf8 COLLATE=utf8_unicode_ci;

/*Data for the table `sites` */

insert  into `sites`(`id`,`website`,`traffic_volume`,`global_rank`,`global_traffic`,`created_at`,`updated_at`) values (1,'Spigen.com',NULL,NULL,NULL,'2015-08-12 12:17:47','2015-08-12 12:17:47'),(2,'Postergully.com',NULL,NULL,NULL,'2015-08-12 12:17:47','2015-08-12 12:17:47'),(3,'Elitify.com',NULL,NULL,NULL,'2015-08-12 12:17:47','2015-08-12 12:17:47'),(4,'Citiesocial.com',NULL,NULL,NULL,'2015-08-12 12:17:47','2015-08-12 12:17:47'),(5,'Funko.com',NULL,NULL,NULL,'2015-08-12 12:17:47','2015-08-12 12:17:47'),(6,'Hawkersco.com',NULL,NULL,NULL,'2015-08-12 12:17:47','2015-08-12 12:17:47'),(7,'Freshmenu.com',NULL,NULL,NULL,'2015-08-12 12:17:47','2015-08-12 12:17:47'),(8,'Shopmissa.com',NULL,NULL,NULL,'2015-08-12 12:17:47','2015-08-12 12:17:47'),(9,'Kithnyc.com',NULL,NULL,NULL,'2015-08-12 12:17:47','2015-08-12 12:17:47'),(10,'Triangl.com',NULL,NULL,NULL,'2015-08-12 12:17:47','2015-08-12 12:17:47'),(11,'Mvmtwatches.com',NULL,NULL,NULL,'2015-08-12 12:17:47','2015-08-12 12:17:47'),(12,'Mahabis.com',NULL,NULL,NULL,'2015-08-12 12:17:47','2015-08-12 12:17:47'),(13,'Bajaao.com',NULL,NULL,NULL,'2015-08-12 12:17:47','2015-08-12 12:17:47'),(14,'Muse-themes.com',NULL,NULL,NULL,'2015-08-12 12:17:47','2015-08-12 12:17:47'),(15,'Morphebrushes.com',NULL,NULL,NULL,'2015-08-12 12:17:47','2015-08-12 12:17:47'),(16,'Makershed.com',NULL,NULL,NULL,'2015-08-12 12:17:47','2015-08-12 12:17:47'),(17,'Cheapundies.com',NULL,NULL,NULL,'2015-08-12 12:17:47','2015-08-12 12:17:47'),(18,'Fashionnova.com',NULL,NULL,NULL,'2015-08-12 12:17:47','2015-08-12 12:17:47'),(19,'Thechivery.com',NULL,NULL,NULL,'2015-08-12 12:17:47','2015-08-12 12:17:47'),(20,'Shoeme.ca',NULL,NULL,NULL,'2015-08-12 12:17:47','2015-08-12 12:17:47'),(21,'Mondotees.com',NULL,NULL,NULL,'2015-08-12 12:17:47','2015-08-12 12:17:47'),(22,'Hengedocks.com',NULL,NULL,NULL,'2015-08-12 12:17:47','2015-08-12 12:17:47'),(23,'Hipvan.com',NULL,NULL,NULL,'2015-08-12 12:17:47','2015-08-12 12:17:47'),(24,'Blackmilkclothing.com',NULL,NULL,NULL,'2015-08-12 12:17:47','2015-08-12 12:17:47'),(25,'Unifclothing.com',NULL,NULL,NULL,'2015-08-12 12:17:47','2015-08-12 12:17:47'),(26,'Qalo.com',NULL,NULL,NULL,'2015-08-12 12:17:47','2015-08-12 12:17:47'),(27,'Lookbookstore.co',NULL,NULL,NULL,'2015-08-12 12:17:47','2015-08-12 12:17:47'),(28,'Headphone.com',NULL,NULL,NULL,'2015-08-12 12:17:47','2015-08-12 12:17:47'),(29,'Knoxlabs.com',NULL,NULL,NULL,'2015-08-12 12:17:47','2015-08-12 12:17:47'),(30,'Chubbiesshorts.com',NULL,NULL,NULL,'2015-08-12 12:17:47','2015-08-12 12:17:47'),(31,'Kangeronline.com',NULL,NULL,NULL,'2015-08-12 12:17:47','2015-08-12 12:17:47'),(32,'Powdercity.com',NULL,NULL,NULL,'2015-08-12 12:17:47','2015-08-12 12:17:47'),(33,'Seedsforafrica.co.za',NULL,NULL,NULL,'2015-08-12 12:17:47','2015-08-12 12:17:47'),(34,'Meowingtons.com',NULL,NULL,NULL,'2015-08-12 12:17:47','2015-08-12 12:17:47'),(35,'Teeturtle.com',NULL,NULL,NULL,'2015-08-12 12:17:47','2015-08-12 12:17:47'),(36,'Shopbando.com',NULL,NULL,NULL,'2015-08-12 12:17:47','2015-08-12 12:17:47'),(37,'Tortugabackpacks.com',NULL,NULL,NULL,'2015-08-12 12:17:47','2015-08-12 12:17:47'),(38,'Asmaraku.com',NULL,NULL,NULL,'2015-08-12 12:17:48','2015-08-12 12:17:48'),(39,'100percentpure.com',NULL,NULL,NULL,'2015-08-12 12:17:48','2015-08-12 12:17:48'),(40,'Myshopify.com',NULL,NULL,NULL,'2015-08-12 12:17:48','2015-08-12 12:17:48'),(41,'Bestmadeco.com',NULL,NULL,NULL,'2015-08-12 12:17:48','2015-08-12 12:17:48'),(42,'Greats.com',NULL,NULL,NULL,'2015-08-12 12:17:48','2015-08-12 12:17:48'),(43,'Allyouneedfresh.cn.com',NULL,NULL,NULL,'2015-08-12 12:17:48','2015-08-12 12:17:48'),(44,'Bellamihair.com',NULL,NULL,NULL,'2015-08-12 12:17:48','2015-08-12 12:17:48'),(45,'Mmawarehouse.com',NULL,NULL,NULL,'2015-08-12 12:17:48','2015-08-12 12:17:48'),(46,'Onlineprasad.com',NULL,NULL,NULL,'2015-08-12 12:17:48','2015-08-12 12:17:48'),(47,'Case-mate.com',NULL,NULL,NULL,'2015-08-12 12:17:48','2015-08-12 12:17:48'),(48,'Asgoodasnew.com',NULL,NULL,NULL,'2015-08-12 12:17:48','2015-08-12 12:17:48'),(49,'Earthled.com',NULL,NULL,NULL,'2015-08-12 12:17:48','2015-08-12 12:17:48'),(50,'Sharkrobot.com',NULL,NULL,NULL,'2015-08-12 12:17:48','2015-08-12 12:17:48'),(51,'Tulababycarriers.com',NULL,NULL,NULL,'2015-08-12 12:18:13','2015-08-12 12:18:13'),(52,'Hardgraft.com',NULL,NULL,NULL,'2015-08-12 12:18:13','2015-08-12 12:18:13'),(53,'Sokoglam.com',NULL,NULL,NULL,'2015-08-12 12:18:13','2015-08-12 12:18:13'),(54,'Headphonezone.in',NULL,NULL,NULL,'2015-08-12 12:18:13','2015-08-12 12:18:13'),(55,'Turntablelab.com',NULL,NULL,NULL,'2015-08-12 12:18:13','2015-08-12 12:18:13'),(56,'Lifx.com',NULL,NULL,NULL,'2015-08-12 12:18:13','2015-08-12 12:18:13'),(57,'Chicagomusicexchange.com',NULL,NULL,NULL,'2015-08-12 12:18:13','2015-08-12 12:18:13'),(58,'Smokecartel.com',NULL,NULL,NULL,'2015-08-12 12:18:13','2015-08-12 12:18:13'),(59,'Thekewlshop.com',NULL,NULL,NULL,'2015-08-12 12:18:13','2015-08-12 12:18:13'),(60,'Bdgastore.com',NULL,NULL,NULL,'2015-08-12 12:18:13','2015-08-12 12:18:13'),(61,'Yellowfashion.in',NULL,NULL,NULL,'2015-08-12 12:18:13','2015-08-12 12:18:13'),(62,'Ivoryella.com',NULL,NULL,NULL,'2015-08-12 12:18:13','2015-08-12 12:18:13'),(63,'Shopjeen.com',NULL,NULL,NULL,'2015-08-12 12:18:13','2015-08-12 12:18:13'),(64,'2modern.com',NULL,NULL,NULL,'2015-08-12 12:18:13','2015-08-12 12:18:13'),(65,'Shopzerouv.com',NULL,NULL,NULL,'2015-08-12 12:18:13','2015-08-12 12:18:13'),(66,'Thepoptoy.com',NULL,NULL,NULL,'2015-08-12 12:18:13','2015-08-12 12:18:13'),(67,'Dollboxx.com.au',NULL,NULL,NULL,'2015-08-12 12:18:13','2015-08-12 12:18:13'),(68,'Trimoda.com.br',NULL,NULL,NULL,'2015-08-12 12:18:13','2015-08-12 12:18:13'),(69,'3claps.com',NULL,NULL,NULL,'2015-08-12 12:18:13','2015-08-12 12:18:13'),(70,'Tattly.com',NULL,NULL,NULL,'2015-08-12 12:18:13','2015-08-12 12:18:13'),(71,'Deimoda.com',NULL,NULL,NULL,'2015-08-12 12:18:13','2015-08-12 12:18:13'),(72,'Outofthesandbox.com',NULL,NULL,NULL,'2015-08-12 12:18:13','2015-08-12 12:18:13'),(73,'Rageon.com',NULL,NULL,NULL,'2015-08-12 12:18:13','2015-08-12 12:18:13'),(74,'Polerstuff.com',NULL,NULL,NULL,'2015-08-12 12:18:13','2015-08-12 12:18:13'),(75,'Brands4all.com.gr',NULL,NULL,NULL,'2015-08-12 12:18:13','2015-08-12 12:18:13'),(76,'Stylishbazaar.com',NULL,NULL,NULL,'2015-08-12 12:18:13','2015-08-12 12:18:13'),(77,'Denydesigns.com',NULL,NULL,NULL,'2015-08-12 12:18:13','2015-08-12 12:18:13'),(78,'Gpen.com',NULL,NULL,NULL,'2015-08-12 12:18:13','2015-08-12 12:18:13'),(79,'Dizinga.com',NULL,NULL,NULL,'2015-08-12 12:18:13','2015-08-12 12:18:13'),(80,'Sevenly.org',NULL,NULL,NULL,'2015-08-12 12:18:13','2015-08-12 12:18:13'),(81,'Johnnyshades.com',NULL,NULL,NULL,'2015-08-12 12:18:13','2015-08-12 12:18:13'),(82,'Kleankanteen.com',NULL,NULL,NULL,'2015-08-12 12:18:13','2015-08-12 12:18:13'),(83,'Sudara.org',NULL,NULL,NULL,'2015-08-12 12:18:13','2015-08-12 12:18:13'),(84,'Shethinx.com',NULL,NULL,NULL,'2015-08-12 12:18:13','2015-08-12 12:18:13'),(85,'Popchartlab.com',NULL,NULL,NULL,'2015-08-12 12:18:13','2015-08-12 12:18:13'),(86,'Peachandlily.com',NULL,NULL,NULL,'2015-08-12 12:18:14','2015-08-12 12:18:14'),(87,'Trunkster.co',NULL,NULL,NULL,'2015-08-12 12:18:14','2015-08-12 12:18:14'),(88,'Edensgarden.com',NULL,NULL,NULL,'2015-08-12 12:18:14','2015-08-12 12:18:14'),(89,'Purefixcycles.com',NULL,NULL,NULL,'2015-08-12 12:18:14','2015-08-12 12:18:14'),(90,'Rowdygentleman.com',NULL,NULL,NULL,'2015-08-12 12:18:14','2015-08-12 12:18:14'),(91,'Fragrantjewels.com',NULL,NULL,NULL,'2015-08-12 12:18:14','2015-08-12 12:18:14'),(92,'Outdoorvoices.com',NULL,NULL,NULL,'2015-08-12 12:18:14','2015-08-12 12:18:14'),(93,'Mizzue.com',NULL,NULL,NULL,'2015-08-12 12:18:14','2015-08-12 12:18:14'),(94,'Skinnydiplondon.com',NULL,NULL,NULL,'2015-08-12 12:18:14','2015-08-12 12:18:14'),(95,'Abookapart.com',NULL,NULL,NULL,'2015-08-12 12:18:14','2015-08-12 12:18:14'),(96,'Fiebigershoes.com',NULL,NULL,NULL,'2015-08-12 12:18:14','2015-08-12 12:18:14'),(97,'Kidrobot.com',NULL,NULL,NULL,'2015-08-12 12:18:14','2015-08-12 12:18:14'),(98,'Alphaleteathletics.com',NULL,NULL,NULL,'2015-08-12 12:18:14','2015-08-12 12:18:14'),(99,'Wolfnoir.com',NULL,NULL,NULL,'2015-08-12 12:18:14','2015-08-12 12:18:14'),(100,'Homage.com',NULL,NULL,NULL,'2015-08-12 12:18:14','2015-08-12 12:18:14');

/*Table structure for table `test_ranges` */

DROP TABLE IF EXISTS `test_ranges`;

CREATE TABLE `test_ranges` (
  `id` int(10) unsigned NOT NULL AUTO_INCREMENT,
  `ip_range` varchar(255) COLLATE utf8_unicode_ci NOT NULL,
  `created_at` timestamp NOT NULL DEFAULT '0000-00-00 00:00:00',
  `updated_at` timestamp NOT NULL DEFAULT '0000-00-00 00:00:00',
  PRIMARY KEY (`id`)
) ENGINE=InnoDB AUTO_INCREMENT=23 DEFAULT CHARSET=utf8 COLLATE=utf8_unicode_ci;

/*Data for the table `test_ranges` */

insert  into `test_ranges`(`id`,`ip_range`,`created_at`,`updated_at`) values (21,'asf','2015-07-22 08:30:59','2015-07-22 08:30:59'),(22,'asf','2015-07-22 08:32:32','2015-07-22 08:32:32');

/*Table structure for table `throttle` */

DROP TABLE IF EXISTS `throttle`;

CREATE TABLE `throttle` (
  `id` int(10) unsigned NOT NULL AUTO_INCREMENT,
  `user_id` int(10) unsigned NOT NULL,
  `ip_address` varchar(255) COLLATE utf8_unicode_ci DEFAULT NULL,
  `attempts` int(11) NOT NULL DEFAULT '0',
  `suspended` tinyint(1) NOT NULL DEFAULT '0',
  `banned` tinyint(1) NOT NULL DEFAULT '0',
  `last_attempt_at` timestamp NULL DEFAULT NULL,
  `suspended_at` timestamp NULL DEFAULT NULL,
  `banned_at` timestamp NULL DEFAULT NULL,
  PRIMARY KEY (`id`),
  KEY `throttle_user_id_index` (`user_id`)
) ENGINE=InnoDB AUTO_INCREMENT=396 DEFAULT CHARSET=utf8 COLLATE=utf8_unicode_ci;

/*Data for the table `throttle` */

insert  into `throttle`(`id`,`user_id`,`ip_address`,`attempts`,`suspended`,`banned`,`last_attempt_at`,`suspended_at`,`banned_at`) values (206,1,NULL,0,0,0,NULL,NULL,NULL),(207,2,NULL,0,0,0,'2015-06-11 15:32:56',NULL,NULL),(208,6,NULL,0,0,0,NULL,NULL,NULL),(209,7,NULL,0,0,0,NULL,NULL,NULL),(210,8,NULL,0,0,0,NULL,NULL,NULL),(211,9,NULL,0,0,0,NULL,NULL,NULL),(212,10,NULL,0,0,0,NULL,NULL,NULL),(213,11,NULL,0,0,0,NULL,NULL,NULL),(214,12,NULL,0,0,0,NULL,NULL,NULL),(215,13,NULL,0,0,0,NULL,NULL,NULL),(216,14,NULL,0,0,0,NULL,NULL,NULL),(217,15,NULL,0,0,0,NULL,NULL,NULL),(218,17,NULL,0,0,0,NULL,NULL,NULL),(219,18,NULL,0,0,0,NULL,NULL,NULL),(220,19,NULL,0,0,0,NULL,NULL,NULL),(221,20,NULL,0,0,0,NULL,NULL,NULL),(222,21,NULL,0,0,0,NULL,NULL,NULL),(223,22,NULL,0,0,0,NULL,NULL,NULL),(224,23,NULL,0,0,0,NULL,NULL,NULL),(225,24,NULL,0,0,0,NULL,NULL,NULL),(226,25,NULL,0,0,0,NULL,NULL,NULL),(227,26,NULL,0,0,0,NULL,NULL,NULL),(228,27,NULL,0,0,0,NULL,NULL,NULL),(229,28,NULL,0,0,0,NULL,NULL,NULL),(230,29,NULL,0,0,0,NULL,NULL,NULL),(231,30,NULL,0,0,0,NULL,NULL,NULL),(232,31,NULL,0,0,0,NULL,NULL,NULL),(233,32,NULL,0,0,0,NULL,NULL,NULL),(234,33,NULL,0,0,0,NULL,NULL,NULL),(235,35,NULL,0,0,0,NULL,NULL,NULL),(236,36,NULL,0,0,0,NULL,NULL,NULL),(237,37,NULL,0,0,0,NULL,NULL,NULL),(238,38,NULL,0,0,0,NULL,NULL,NULL),(239,39,NULL,0,0,0,NULL,NULL,NULL),(240,40,NULL,0,0,0,NULL,NULL,NULL),(241,41,NULL,0,0,0,NULL,NULL,NULL),(242,42,NULL,0,0,0,NULL,NULL,NULL),(243,43,NULL,0,0,0,NULL,NULL,NULL),(244,45,NULL,0,0,0,NULL,NULL,NULL),(245,46,NULL,0,0,0,NULL,NULL,NULL),(246,48,NULL,0,0,0,NULL,NULL,NULL),(247,49,NULL,0,0,0,NULL,NULL,NULL),(248,50,NULL,0,0,0,NULL,NULL,NULL),(249,51,NULL,0,0,0,NULL,NULL,NULL),(250,53,NULL,0,0,0,NULL,NULL,NULL),(251,54,NULL,0,0,0,NULL,NULL,NULL),(252,55,NULL,0,0,0,NULL,NULL,NULL),(253,56,NULL,0,0,0,NULL,NULL,NULL),(254,57,NULL,0,0,0,NULL,NULL,NULL),(255,58,NULL,0,0,0,NULL,NULL,NULL),(256,59,NULL,0,0,0,NULL,NULL,NULL),(257,60,NULL,0,0,0,NULL,NULL,NULL),(258,61,NULL,0,0,0,NULL,NULL,NULL),(259,62,NULL,0,0,0,NULL,NULL,NULL),(260,63,NULL,0,0,0,NULL,NULL,NULL),(261,64,NULL,0,0,0,NULL,NULL,NULL),(262,65,NULL,0,0,0,NULL,NULL,NULL),(263,66,NULL,0,0,0,NULL,NULL,NULL),(264,68,NULL,0,0,0,NULL,NULL,NULL),(265,69,NULL,0,0,0,NULL,NULL,NULL),(266,70,NULL,0,0,0,NULL,NULL,NULL),(267,71,NULL,0,0,0,NULL,NULL,NULL),(268,72,NULL,0,0,0,NULL,NULL,NULL),(269,74,NULL,0,0,0,NULL,NULL,NULL),(270,75,NULL,0,0,0,NULL,NULL,NULL),(271,76,NULL,0,0,0,NULL,NULL,NULL),(272,77,NULL,0,0,0,NULL,NULL,NULL),(273,78,NULL,0,0,0,NULL,NULL,NULL),(274,79,NULL,0,0,0,NULL,NULL,NULL),(275,80,NULL,0,0,0,NULL,NULL,NULL),(276,81,NULL,0,0,0,NULL,NULL,NULL),(277,82,NULL,0,0,0,NULL,NULL,NULL),(278,83,NULL,0,0,0,NULL,NULL,NULL),(279,84,NULL,0,0,0,NULL,NULL,NULL),(280,85,NULL,0,0,0,NULL,NULL,NULL),(281,87,NULL,0,0,0,NULL,NULL,NULL),(282,88,NULL,0,0,0,NULL,NULL,NULL),(283,89,NULL,0,0,0,NULL,NULL,NULL),(284,90,NULL,0,0,0,NULL,NULL,NULL),(285,91,NULL,0,0,0,NULL,NULL,NULL),(286,92,NULL,0,0,0,NULL,NULL,NULL),(287,93,NULL,0,0,0,NULL,NULL,NULL),(288,94,NULL,0,0,0,NULL,NULL,NULL),(289,95,NULL,0,0,0,NULL,NULL,NULL),(290,97,NULL,0,0,0,NULL,NULL,NULL),(291,98,NULL,0,0,0,NULL,NULL,NULL),(292,99,NULL,0,0,0,NULL,NULL,NULL),(293,100,NULL,0,0,0,NULL,NULL,NULL),(294,101,NULL,0,0,0,NULL,NULL,NULL),(295,102,NULL,0,0,0,NULL,NULL,NULL),(296,103,NULL,0,0,0,NULL,NULL,NULL),(297,104,NULL,0,0,0,NULL,NULL,NULL),(298,105,NULL,0,0,0,NULL,NULL,NULL),(299,106,NULL,0,0,0,NULL,NULL,NULL),(300,107,NULL,0,0,0,NULL,NULL,NULL),(301,108,NULL,0,0,0,NULL,NULL,NULL),(302,109,NULL,0,0,0,NULL,NULL,NULL),(303,111,NULL,0,0,0,NULL,NULL,NULL),(304,112,NULL,0,0,0,NULL,NULL,NULL),(305,113,NULL,0,0,0,NULL,NULL,NULL),(306,114,NULL,0,0,0,NULL,NULL,NULL),(307,117,NULL,0,0,0,NULL,NULL,NULL),(308,118,NULL,0,0,0,NULL,NULL,NULL),(309,119,NULL,0,0,0,NULL,NULL,NULL),(310,120,NULL,0,0,0,NULL,NULL,NULL),(311,121,NULL,0,0,0,NULL,NULL,NULL),(312,123,NULL,0,0,0,NULL,NULL,NULL),(313,126,NULL,0,0,0,NULL,NULL,NULL),(314,127,NULL,0,0,0,NULL,NULL,NULL),(315,128,NULL,0,0,0,NULL,NULL,NULL),(316,129,NULL,0,0,0,NULL,NULL,NULL),(317,130,NULL,0,0,0,NULL,NULL,NULL),(318,131,NULL,0,0,0,NULL,NULL,NULL),(319,132,NULL,0,0,0,NULL,NULL,NULL),(320,133,NULL,0,0,0,NULL,NULL,NULL),(321,134,NULL,0,0,0,NULL,NULL,NULL),(322,135,NULL,0,0,0,NULL,NULL,NULL),(323,136,NULL,0,0,0,NULL,NULL,NULL),(324,137,NULL,0,0,0,NULL,NULL,NULL),(325,138,NULL,0,0,0,NULL,NULL,NULL),(326,139,NULL,0,0,0,NULL,NULL,NULL),(327,140,NULL,0,0,0,NULL,NULL,NULL),(328,143,NULL,0,0,0,NULL,NULL,NULL),(329,144,NULL,0,0,0,NULL,NULL,NULL),(330,145,NULL,0,0,0,NULL,NULL,NULL),(331,146,NULL,0,0,0,NULL,NULL,NULL),(332,147,NULL,0,0,0,NULL,NULL,NULL),(333,149,NULL,0,0,0,NULL,NULL,NULL),(334,150,NULL,0,0,0,NULL,NULL,NULL),(335,151,NULL,0,0,0,NULL,NULL,NULL),(336,152,NULL,0,0,0,NULL,NULL,NULL),(337,153,NULL,0,0,0,NULL,NULL,NULL),(338,155,NULL,0,0,0,NULL,NULL,NULL),(339,156,NULL,0,0,0,NULL,NULL,NULL),(340,157,NULL,0,0,0,NULL,NULL,NULL),(341,158,NULL,0,0,0,NULL,NULL,NULL),(342,159,NULL,0,0,0,NULL,NULL,NULL),(343,160,NULL,0,0,0,NULL,NULL,NULL),(344,161,NULL,0,0,0,NULL,NULL,NULL),(345,162,NULL,0,0,0,NULL,NULL,NULL),(346,163,NULL,0,0,0,NULL,NULL,NULL),(347,164,NULL,0,0,0,NULL,NULL,NULL),(348,165,NULL,0,0,0,NULL,NULL,NULL),(349,167,NULL,0,0,0,NULL,NULL,NULL),(350,168,NULL,0,0,0,NULL,NULL,NULL),(351,169,NULL,0,0,0,NULL,NULL,NULL),(352,170,NULL,0,0,0,NULL,NULL,NULL),(353,171,NULL,0,0,0,NULL,NULL,NULL),(354,172,NULL,0,0,0,NULL,NULL,NULL),(355,173,NULL,0,0,0,NULL,NULL,NULL),(356,174,NULL,0,0,0,NULL,NULL,NULL),(357,175,NULL,0,0,0,NULL,NULL,NULL),(358,176,NULL,0,0,0,NULL,NULL,NULL),(359,177,NULL,0,0,0,NULL,NULL,NULL),(360,178,NULL,0,0,0,NULL,NULL,NULL),(361,179,NULL,0,0,0,NULL,NULL,NULL),(362,180,NULL,0,0,0,NULL,NULL,NULL),(363,181,NULL,0,0,0,NULL,NULL,NULL),(364,182,NULL,0,0,0,NULL,NULL,NULL),(365,183,NULL,0,0,0,NULL,NULL,NULL),(366,184,NULL,0,0,0,NULL,NULL,NULL),(367,185,NULL,0,0,0,NULL,NULL,NULL),(368,186,NULL,0,0,0,NULL,NULL,NULL),(369,187,NULL,0,0,0,NULL,NULL,NULL),(370,188,NULL,0,0,0,NULL,NULL,NULL),(371,189,NULL,0,0,0,NULL,NULL,NULL),(372,190,NULL,0,0,0,NULL,NULL,NULL),(373,191,NULL,0,0,0,NULL,NULL,NULL),(374,192,NULL,0,0,0,NULL,NULL,NULL),(375,193,NULL,0,0,0,NULL,NULL,NULL),(376,194,NULL,0,0,0,NULL,NULL,NULL),(377,195,NULL,0,0,0,NULL,NULL,NULL),(378,196,NULL,0,0,0,NULL,NULL,NULL),(379,197,NULL,0,0,0,NULL,NULL,NULL),(380,198,NULL,0,0,0,NULL,NULL,NULL),(381,199,NULL,0,0,0,NULL,NULL,NULL),(382,200,NULL,0,0,0,NULL,NULL,NULL),(383,201,NULL,0,0,0,NULL,NULL,NULL),(384,202,NULL,0,0,0,NULL,NULL,NULL),(385,203,NULL,0,0,0,NULL,NULL,NULL),(386,204,NULL,0,0,0,NULL,NULL,NULL),(387,205,NULL,0,0,0,NULL,NULL,NULL),(388,206,NULL,0,0,0,NULL,NULL,NULL),(389,207,NULL,0,0,0,NULL,NULL,NULL),(390,208,NULL,0,0,0,NULL,NULL,NULL),(391,209,NULL,0,0,0,NULL,NULL,NULL),(392,210,NULL,0,0,0,NULL,NULL,NULL),(393,211,NULL,0,0,0,NULL,NULL,NULL),(394,212,NULL,0,0,0,NULL,NULL,NULL),(395,213,NULL,0,0,0,NULL,NULL,NULL);

/*Table structure for table `users` */

DROP TABLE IF EXISTS `users`;

CREATE TABLE `users` (
  `id` int(10) unsigned NOT NULL AUTO_INCREMENT,
  `email` varchar(255) COLLATE utf8_unicode_ci NOT NULL,
  `password` varchar(255) COLLATE utf8_unicode_ci NOT NULL,
  `permissions` text COLLATE utf8_unicode_ci,
  `activated` tinyint(1) NOT NULL DEFAULT '0',
  `activation_code` varchar(255) COLLATE utf8_unicode_ci DEFAULT NULL,
  `activated_at` timestamp NULL DEFAULT NULL,
  `last_login` timestamp NULL DEFAULT NULL,
  `persist_code` varchar(255) COLLATE utf8_unicode_ci DEFAULT NULL,
  `reset_password_code` varchar(255) COLLATE utf8_unicode_ci DEFAULT NULL,
  `first_name` varchar(255) COLLATE utf8_unicode_ci DEFAULT NULL,
  `last_name` varchar(255) COLLATE utf8_unicode_ci DEFAULT NULL,
  `created_at` timestamp NOT NULL DEFAULT '0000-00-00 00:00:00',
  `updated_at` timestamp NOT NULL DEFAULT '0000-00-00 00:00:00',
  PRIMARY KEY (`id`),
  UNIQUE KEY `users_email_unique` (`email`),
  KEY `users_activation_code_index` (`activation_code`),
  KEY `users_reset_password_code_index` (`reset_password_code`)
) ENGINE=InnoDB AUTO_INCREMENT=214 DEFAULT CHARSET=utf8 COLLATE=utf8_unicode_ci;

/*Data for the table `users` */

insert  into `users`(`id`,`email`,`password`,`permissions`,`activated`,`activation_code`,`activated_at`,`last_login`,`persist_code`,`reset_password_code`,`first_name`,`last_name`,`created_at`,`updated_at`) values (1,'admin@admin.com','$2y$10$L0WGyMy9vVWyKvn7q.erseML6ysreWe/E/yj5Sw2e4MeNjkrkHzwm',NULL,1,NULL,NULL,'2015-08-13 03:34:21','$2y$10$vaIV8.8dzsp/sghpb1IAgOca6R6EmZ005ktEgPIlgptw.yDUQGCe.',NULL,'Admin','User','2014-11-07 08:51:30','2015-08-13 03:34:21'),(2,'user@user.com','$2y$10$8Cnf3n9UVIlfZfp/sP2EFOuggaVLdBhTKezYQ985/AAHapiZUs.u2',NULL,1,NULL,NULL,'2015-08-12 12:03:41','$2y$10$msKt.IGt47D.QLHWRcY5DO72ktaIOtIX3oRgrejW8Kt6XyDmE3W52',NULL,'Ricky','Mataka','2014-11-07 08:51:30','2015-08-12 12:03:41'),(6,'rickmataka@gmail.com','$2y$10$9alglRWuWl66oZtQ2GsdJewCW1k.qr53jaV.WkrCL8i5kmaFJ9hIy',NULL,1,NULL,'2014-11-13 16:35:34','2015-06-11 15:33:11','$2y$10$ZKAdShPP50p/LrJXQqUDo.wGfp84NQCYtVSKYb9YxcxLGyOWTRLM6',NULL,NULL,NULL,'2014-11-13 16:35:34','2015-06-11 15:33:11'),(7,'fat.tiger.ron@gmail.com','$2y$10$MQd7RTefNqGK.JMrBjhOeOL7lx97tgBwvM90mF5IcLnWpkKDuWVku',NULL,1,NULL,'2014-11-13 22:39:12','2014-11-13 22:43:19','$2y$10$hvE3zxcmTZxB9252kJQMJ.Uck.RdWkkd.RqDIhLbnd/bheVR3Uqv.',NULL,NULL,NULL,'2014-11-13 22:39:12','2014-11-13 22:43:19'),(8,'achieve1@rogers.com','$2y$10$d6cLQJfH2GvdKwiyedjxTuPb93C8OiPpRsjmcXSGBR78Yhl4/QpLW',NULL,1,NULL,'2014-11-13 22:39:21','2014-11-16 22:36:23','$2y$10$IDWRfV11Ykw8N/4jdPoTFOpjruZMQVDUUwmEHGJwl9q2kdBdvKPEa',NULL,NULL,NULL,'2014-11-13 22:39:21','2014-11-16 22:36:23'),(9,'kthmerchant@gmail.com','$2y$10$qze75O4gylk2Rd9pvZafDeybbGzG.4A2JTbghInKd9toGjIcBx5xK',NULL,1,NULL,'2014-11-13 22:39:27','2014-11-13 22:51:02','$2y$10$GjfvDbUYXIsXec8UDs3NJ.ctBFDVA7dhrmMKIERw2I2aSPhfHdFZu',NULL,NULL,NULL,'2014-11-13 22:39:27','2014-11-13 22:51:02'),(10,'carl@kukec.com','$2y$10$q7h.OHQblJYkmta2YTQcT.E4Jq9EA4hxTwRRq8ZcnJhFme34jEiAW',NULL,1,NULL,'2014-11-13 22:39:27','2014-11-15 13:51:19','$2y$10$5zDrbjUFeqwJqud49iFBE.0DHB7.huv.csMDrkuey3nRGxvLoeZV.',NULL,NULL,NULL,'2014-11-13 22:39:27','2014-11-15 13:51:19'),(11,'angelobda@gmail.com','$2y$10$x0wDRxQm9TmS0s0yRrsWEul88h14gfCJGqLfPgNboTxyPllPsYNBy',NULL,1,NULL,'2014-11-13 22:39:45','2014-11-21 19:42:15','$2y$10$OMXFS/sPXljd6tdqne.a7uxyA43xyJVM23LeaLaExXDb0A1RDqZBG',NULL,NULL,NULL,'2014-11-13 22:39:45','2014-11-21 19:42:15'),(12,'dcgossnj@gmail.com','$2y$10$vxlcP99YOdacU5/vg44wq.nVvGCYxBZ8pDs9s0jPUMSl0qiIqWcQK',NULL,1,NULL,'2014-11-13 22:39:56','2014-11-13 22:43:05','$2y$10$GNEzW/uuQZxXwzawQQDXbO5yWx3hKcm0ETnA2K2McU2tPBTyCHHZe',NULL,NULL,NULL,'2014-11-13 22:39:56','2014-11-13 22:43:05'),(13,'albert092002@yahoo.com','$2y$10$cKNgg5BaB7ArE7bf5kmbO.0UzZPfh6rZrRCyMzaO6xq6AIfMlhLQu',NULL,1,NULL,'2014-11-13 22:39:59','2014-11-17 22:04:38','$2y$10$OUK0bD54UH45jhHxDpwBxeL24AJRx9GXjaqcsDvzB5xYuw0KkyYle',NULL,NULL,NULL,'2014-11-13 22:39:59','2014-11-17 22:04:38'),(14,'alexander_jw@hotmail.com','$2y$10$V1ey8XoY0KPAxAgzE5JO8OHnlsnoGqqvSCSh6POSWH7Ms8u.ENh7W',NULL,1,NULL,'2014-11-13 22:40:06','2014-11-13 22:43:12','$2y$10$xw2EYC1By5ukcuC.fUZa3ea5kY/U1SUzIwYpYMKmjsaEdguuo/XoO',NULL,NULL,NULL,'2014-11-13 22:40:06','2014-11-13 22:43:12'),(15,'jloh168@gmail.com','$2y$10$ifIymasI6suRu246QhRux.lBlK/C78.JwoEv5ylhcV7QthVpDNG/C',NULL,1,NULL,'2014-11-13 22:40:16','2014-11-14 23:23:23','$2y$10$pTG/1UveKoN3P7s3kxLO3ucTRY1ynx3/Pkme1MDUfQSVNUjYhLMM2',NULL,NULL,NULL,'2014-11-13 22:40:17','2014-11-14 23:23:23'),(17,'donnaincairns1@hotmail.com','$2y$10$5tE1sZobEnx7RLH3ownvTOkYfJAdJ0vp.A7kRolCokRtoqKNkF.KG',NULL,1,NULL,'2014-11-13 22:41:20','2014-11-21 16:11:09','$2y$10$QeMgV5gGpbmm8jC8fhsznO8uj33uXUJ.QRh1LK358b5n2s14uPQkC',NULL,NULL,NULL,'2014-11-13 22:41:20','2014-11-21 16:11:09'),(18,'solreich2@gmail.com','$2y$10$PfM9TE1UzvhfmliFyfNGaOzY9pz5PrXsFCLnq89Q0ItArKzLAAYAi',NULL,1,NULL,'2014-11-13 22:41:45','2014-11-17 20:38:36','$2y$10$A7BAbFCU3sQvF8yriW.xeO40RRCv9l/hDFfcty9Tm6pm7KXSxXqVS',NULL,NULL,NULL,'2014-11-13 22:41:45','2014-11-17 20:38:36'),(19,'Warrenj1981@gmail.com','$2y$10$EsVNF.dSB.CjS6TPv79F0O6/uidpFJR7avOjWP7ukgEAhJyjslTYq',NULL,1,NULL,'2014-11-13 22:41:56','2014-11-18 02:57:27','$2y$10$kOWt3gbfJOZRz4c387w8neXsoqfjuefckyDasJeyu1S9lGi.vpnqG',NULL,NULL,NULL,'2014-11-13 22:41:56','2014-11-18 02:57:27'),(20,'etoia@rocketmail.com','$2y$10$gIU5fyVvOitaytk5ZBQLo.4008WT7p6vWilR5yoWaNYy/2DaWn68a',NULL,1,NULL,'2014-11-13 22:42:47','2014-11-15 07:59:26','$2y$10$3a7XEzgw2TDGxlj2X3qq0ezVKANwUrXX2oN46keSMRgQWlrlP2kdq',NULL,NULL,NULL,'2014-11-13 22:42:47','2014-11-15 07:59:26'),(21,'brent@breshemarmedia.com','$2y$10$q4XutYuX4wEyz1/5r5jK2eIk3COOqLxF6NKEZBGMS3O7l0/IOLN1a',NULL,1,NULL,'2014-11-13 22:42:53','2014-11-18 23:46:50','$2y$10$eU3VCvpno65RYhOKrmrqU.ZKnjXLx.lw1fA3XlDptz7FuXXyXO3QK',NULL,NULL,NULL,'2014-11-13 22:42:53','2014-11-18 23:46:50'),(22,'pintocolin@gmail.com','$2y$10$ve7XyIoOlzMuOHqIKEAI4.znf3AO3.RKzttMbAdU3l1ENALHsfUgu',NULL,1,NULL,'2014-11-13 22:43:13','2014-11-23 01:44:56','$2y$10$8ZXdbUcKSgFYUIrfzKJPdObamMbKgBztDXwW8kNCtmU1wkgr3TvT.',NULL,NULL,NULL,'2014-11-13 22:43:14','2014-11-23 01:44:56'),(23,'alancsgan@gmail.com','$2y$10$sQ7xhLdaqsOA/MRMgwm3EOXQjaN/gFeGSwX3/4ZrUL51SyfGvdwSa',NULL,1,NULL,'2014-11-13 22:43:51','2014-11-13 22:52:08','$2y$10$W9F3SnmJ6w48OsxDDJw9MOj7OGKYjXY5Y99P4w5okhdBVOK3Bx/jm',NULL,NULL,NULL,'2014-11-13 22:43:51','2014-11-13 22:52:08'),(26,'robvanz@xs4all.nl','$2y$10$4sb1WGc529C4veZeguU9muAkzaVfzgM2Ondf5VKWllZhjSQG0cHhK',NULL,1,NULL,'2014-11-13 22:46:59','2014-11-19 07:03:49','$2y$10$0FHexAi.gooh3uZCfzPs/uqHObKmDVCtKTZvyImwrICfzVWWJGQxa',NULL,'Rob','vanZoelen','2014-11-13 22:47:00','2014-11-19 07:03:49'),(27,'calowery@suddenlink.net','$2y$10$LTnpyHHNAXgFm3jfyKx7Remb4DBHlLXqHqakUnkEc5nbrvRh1ya02',NULL,1,NULL,'2014-11-13 22:49:22','2014-11-15 10:13:00','$2y$10$O6X7UOyG9RrBGTB2qq7Lxe7n5HsU35f6Kx6Tz3LIataWIYjh28eAm',NULL,NULL,NULL,'2014-11-13 22:49:22','2014-11-15 10:13:00'),(28,'joanahess1981@gmail.com','$2y$10$6E0awmnsWt7yv.B8uvKBxOYEKnx97zKqOpuWYemUsa6GOv1N.U0SW',NULL,1,NULL,'2014-11-13 22:52:19','2014-11-19 06:28:01','$2y$10$SLWsBGpGkPVKH.cLDeRMJOlUJCL6H0C.npGdnfZnxOmmR1XtrYumG',NULL,NULL,NULL,'2014-11-13 22:52:19','2014-11-19 06:28:01'),(29,'socaldevelopers@hotmail.com','$2y$10$2fkYdmCXI/rY6MAeiZTbHOJmSNzfaFnLWS77qXoleFfUqZ18j0TY6',NULL,1,NULL,'2014-11-13 22:52:26','2014-11-24 01:19:04','$2y$10$ht/Z5sWjEIWlp4z/AjzXn.LuwdeP6RBCOLHcKFB/UGlCQFrvEf4hO',NULL,'Rick','Ethell','2014-11-13 22:52:26','2014-11-24 01:19:04'),(30,'angeliquesims01@gmail.com','$2y$10$FW7C0n5qYSiOoVDWYlXMbufXArbEXL2sYtrTfDw.x3OoUa4CNT4F.',NULL,1,NULL,'2014-11-13 22:56:22','2014-11-22 17:03:20','$2y$10$8f/lGmnimsEvIiinNWIdieKo/S/11dYjIWWxtMg3AtqLI1OJZJPw.',NULL,NULL,NULL,'2014-11-13 22:56:22','2014-11-22 17:03:20'),(31,'tjmorris265@gmail.com','$2y$10$apMdEDRFQUgBpfNVXFIaEeWMUdmM5H4fhZTj4G6hMZjEAL1m5OEqW',NULL,1,NULL,'2014-11-13 22:59:01','2014-11-14 01:31:40','$2y$10$y1NprAXqHEZ7vjL22S.5cOuMjwY.PbLfUkJnbbuoY/oc0xrjc9yTG',NULL,NULL,NULL,'2014-11-13 22:59:01','2014-11-14 01:31:40'),(32,'successwithdean@gmail.com','$2y$10$RP7kwCs.AJzXP99MgRMtcuhWF7BgWfC17OZJgBVjHVZZK8bkv1BW6',NULL,1,NULL,'2014-11-13 22:59:37','2014-11-13 23:01:44','$2y$10$CudlzooQobNGbo7PldzUG.0V4bjVoRQ0S0uGOf72raLRvUoYA5ksu',NULL,NULL,NULL,'2014-11-13 22:59:37','2014-11-13 23:01:44'),(33,'vicrog1982@hotmail.com','$2y$10$Lp1l4911SAUQv2xzS3XzxOHKOdrFAvZ3VLe9OQ5W1lYwPI7eVMZg.',NULL,1,NULL,'2014-11-13 22:59:44','2014-11-19 02:34:05','$2y$10$X5kL0e4R17Ea4AXHy9BNPeNfXyGKEXE8vaiVSV9V.A7aytqNg6igW',NULL,NULL,NULL,'2014-11-13 22:59:44','2014-11-19 02:34:05'),(35,'gasisgus@gmail.com','$2y$10$AtxF96yrbzKTS5Z3YJbGau4UCDhJpwE78igZ6QjEP9fjiKGmFRb82',NULL,1,NULL,'2014-11-13 23:00:51','2014-11-13 23:40:05','$2y$10$8GJib5MQUa6hbaDULYwPt.Mn666G2tzxUs411Us3ELiZ.niE1E2FK',NULL,NULL,NULL,'2014-11-13 23:00:51','2014-11-13 23:40:05'),(36,'alanlynconnelly@iinet.net.au','$2y$10$2XhMbhVEeyOf0/B7WNnRQ.kC8GkmbHePYrsNGbavQ02K0nbyy1tQK',NULL,1,NULL,'2014-11-13 23:05:36','2014-11-13 23:18:20','$2y$10$/Er1u0Mp9HKiELH8M/aLce0Lrt/Uy6NNQ3it0VdJLPeY6f7cktI.i',NULL,NULL,NULL,'2014-11-13 23:05:36','2014-11-13 23:18:20'),(37,'daja1972@gmail.com','$2y$10$6cYZE48yHYVAvwXOCCFU6u1xRwFWpKRhliwN.SawP4KpCjTxuqoZa',NULL,1,NULL,'2014-11-13 23:07:43','2014-11-13 23:12:07','$2y$10$jXK31TUOwrfW9VGP277Bge2Qh.JeR1Yk2GvXOOG.3UH5ob8tGGEhC',NULL,NULL,NULL,'2014-11-13 23:07:43','2014-11-13 23:12:07'),(38,'charles.rappaport@gmail.com','$2y$10$vSwu5GBXKSQP8AMe8A6M.epfu9ud32Tcxy/HIjmaVwZrsFxzBgDPm',NULL,1,NULL,'2014-11-13 23:19:34','2014-11-20 01:22:12','$2y$10$Ji0Xp4z/f03EvZZTsG6mYu2eoSvLFhSj0UwlozG1SUpaaQTLDfB2u',NULL,NULL,NULL,'2014-11-13 23:19:34','2014-11-20 01:22:12'),(39,'jtawells@aol.com','$2y$10$huba.MeU2jhbHq0LK7TgG.hymuw.vWPAxvXKmDc8hSR.kYZbj9zA.',NULL,1,NULL,'2014-11-14 01:12:43','2014-11-19 22:22:19','$2y$10$7ZLiYlHO3KyeN0IQfZQw8uFV2WCYMaq.QEkELV6JekgsaOirq013C',NULL,NULL,NULL,'2014-11-14 01:12:43','2014-11-19 22:22:19'),(40,'tad@evergreeninternetmarketing.com','$2y$10$ndt43EoMa9ds2sgby9fsa.j7hDijmr/2.Ahm.ZPUeTpLZLYEqeAQm',NULL,1,NULL,'2014-11-14 01:26:50',NULL,NULL,NULL,NULL,NULL,'2014-11-14 01:26:50','2014-11-14 01:26:50'),(41,'aimleadgeneration@gmail.com','$2y$10$rSSueLtP/xZYJIh6IyOEW.d7vRdgvVlYPsXSXQfiW5v6MVyWqJ1Zy',NULL,1,NULL,'2014-11-14 01:58:33','2014-11-14 02:02:32','$2y$10$RUyqPDE5p.J7lCD55Q31.edDBFtAcJjfBugnvpKGu5sKN3UaNvhC.',NULL,NULL,NULL,'2014-11-14 01:57:11','2014-11-14 02:03:43'),(42,'kelldall@gmail.com','$2y$10$x2KUJjwUEWCT6ffJNx6QJuOBj1Zb5UAs46N.6C.vfptSySCb8V.ta',NULL,1,NULL,'2014-11-14 05:12:49','2014-11-22 04:56:33','$2y$10$d8qk1hE7nzNXLOirWgdddOm2QKvbYZ5fMCcJZVZEccOqG5U8Vujw2',NULL,NULL,NULL,'2014-11-14 05:12:49','2014-11-22 04:56:33'),(43,'thinknowmarketing@gmail.com','$2y$10$b1zfPSXAzdTzG6.o43oezu.wM7QT/5EqgQeCmapkza6JFqdA3ul7S',NULL,1,NULL,'2014-11-14 12:09:09','2014-11-21 22:24:14','$2y$10$YaQdAHA1MfOMQqbXD2z9d.sN2hth7zvmnMl/2qg3OxC6hzWHVuzqK',NULL,'William','Yeschek','2014-11-14 12:09:09','2014-11-21 22:24:14'),(45,'01.aim.mgt@gmail.com','$2y$10$eJTovKfJ8FCuEXnPjcc5cO.ztdnESeECqy.5xjmetBfKIpqeGT2Ay',NULL,1,NULL,'2014-11-14 14:34:09','2014-11-17 23:29:27','$2y$10$5X9nCGVe075N6Mse6i.78ekw3FGxVl8kUwTaH1RbWn3MI3uD469l6',NULL,NULL,NULL,'2014-11-14 13:19:08','2014-11-17 23:29:27'),(46,'jengillee@gmail.com','$2y$10$pZ3PsIzAy1EcLelt3gsRGOXKDkFxmj/gUNdP2COAnlagbzU73v6Jm',NULL,1,NULL,'2014-11-14 13:29:05','2014-11-16 19:53:44','$2y$10$wjc8Pr2pnQe2X3ECUAuuyuNZ8/2gmjVVImf4XxVPxZJcSDliBjyey',NULL,NULL,NULL,'2014-11-14 13:29:05','2014-11-16 19:53:44'),(48,'itiminteractive@gmail.com','$2y$10$U1.jG3oA/rKRYzi9ugh0IulZZdHlBJ8onsKkNJ7xHHlOcur8VXtVa',NULL,1,NULL,'2014-11-14 15:48:41','2014-11-22 00:05:14','$2y$10$c6lTYGxyMPd3DB2wfvvA9OklX.Ec3Akis.TAWzMIsufoloPj25KCO',NULL,NULL,NULL,'2014-11-14 15:48:41','2014-11-22 00:05:14'),(49,'tad@mediamarketexperts.com','$2y$10$9kfrmYnT1dvqdNoCtZBvb.ZNjHm7EmkfWGnWKB19TF.o38ipmLW6y',NULL,1,NULL,'2014-11-14 16:03:55','2014-11-20 14:05:09','$2y$10$FExaMZrrBf/UvVOCNQAvEOSJkmiIUwhErJf7MS1RUvycWAwXU4S0u',NULL,'Tad','Stephens','2014-11-14 16:03:51','2014-11-20 14:05:09'),(50,'hfuller@gmail.com','$2y$10$jdIPGG2N4hMdK6AhSDMGJ.meBacpFF/mKvGlfPW6dldub.X1b7F5a',NULL,1,NULL,'2014-11-14 16:10:49','2014-11-16 16:48:17','$2y$10$cFk30H7C8WonjFIzkMYXn.VPZno/8OKeRX9lUCDrNcEojZeO/G5mC',NULL,NULL,NULL,'2014-11-14 16:10:49','2014-11-16 16:48:17'),(51,'jkproductupdates@gmail.com','$2y$10$wruJ/osZySLv6.VyaLaITeMa9ca4kmNZ6tDVUXOMFRwDuTG6k0yg2',NULL,1,NULL,'2014-11-14 16:20:28','2014-11-14 16:36:12','$2y$10$57QWsCvgJjNsVc44HQhtee.CNRPxTI3A6ULXUxAZwpG/w5Con.vVy',NULL,NULL,NULL,'2014-11-14 16:20:28','2014-11-14 16:36:12'),(53,'mrmusicrob30@mac.com','$2y$10$RNZ9rSCWZKsl/EvQkDluPO5EDuIWmE8jp2wjm96yI5.2s8FkuLLJ.',NULL,1,NULL,'2014-11-14 16:38:16','2014-11-14 16:45:30','$2y$10$3cHTziqqynb2rteT0MUIXuW/hwbXONo1r0zXtN8zgrrRRhHX0DcU2',NULL,NULL,NULL,'2014-11-14 16:38:16','2014-11-14 16:45:30'),(54,'brianoliver2010@gmail.com','$2y$10$DwQWuWDNkQB.Rv4l1VVzN.mo6S5IUAZ9pw3sKDqK3h1By/LYGPcu2',NULL,1,NULL,'2014-11-14 16:39:59','2014-11-17 20:28:31','$2y$10$grDrPU/QQJq2lnvmmZZLEeJiDrLd/HY7UF2pe1P1gHbhFIN3tGAk6',NULL,NULL,NULL,'2014-11-14 16:39:59','2014-11-17 20:28:31'),(55,'greenjohng@gmail.com','$2y$10$C9QlaCbryCoden7dzUVRYuj.TXRZLnIJgbJOZD7GmQfMcJ.BUawiG',NULL,1,NULL,'2014-11-14 16:46:05','2014-11-14 16:47:38','$2y$10$tP3qX4.8dOiemwH/NNv9fuw3h0TiWZ.S2Dht4qU9keudGb7lHhPu6',NULL,NULL,NULL,'2014-11-14 16:46:06','2014-11-14 16:47:38'),(56,'gudeinc@dslextreme.com','$2y$10$teVm4.bYooNYERFij5oaMehwaFzZFaD6C8T6J3XKQpLfZodnCkAza',NULL,1,NULL,'2014-11-14 16:47:55',NULL,NULL,NULL,NULL,NULL,'2014-11-14 16:47:55','2014-11-14 16:47:55'),(57,'davelawbiz@yahoo.com','$2y$10$jpV69Hh2CGwtshSY3vksLOk4tCa6GcLJ.N3GKxBYjnPyKCbEFNmtO',NULL,1,NULL,'2014-11-14 16:48:10','2014-11-14 17:29:30','$2y$10$h/s.P1Wl4rah7QYy5OKASOi.CKvTbAbtf.RBwOp.H5xtWR6022CzK',NULL,NULL,NULL,'2014-11-14 16:48:11','2014-11-14 17:29:30'),(58,'admin@summitmediaconcepts.com','$2y$10$WfHmXAWwRNbvham2xWoQruxzfYOur//2B1jlq78I5bDsM5bQYjuk6',NULL,1,NULL,'2014-11-14 16:48:21','2014-11-17 12:56:18','$2y$10$rMYAVbY9PkMkLa8y6D9zdO/xKq1arxE9FTW79H8TWlpwVQINk.R..',NULL,NULL,NULL,'2014-11-14 16:48:21','2014-11-17 12:56:18'),(59,'jayweaversr@gmail.com','$2y$10$48/A4ErZEa8wjfxOjnRF9O7lidOhZCEvpA2dERFLuEYrbV32UYeP6',NULL,1,NULL,'2014-11-14 16:49:31','2014-11-15 11:52:14','$2y$10$chDknu7uxjFI/U6Y8Y.D8OaKw/9m/lHeBwUYcf/S7S5p5z6DUmxM6',NULL,NULL,NULL,'2014-11-14 16:49:31','2014-11-15 11:52:14'),(60,'necwb@jorgegannuny.com','$2y$10$v7mOGk9eGNfK5eIa5dgdYOUrupM.fGSOyZaqcvqiGZCsndvOjVN8W',NULL,1,NULL,'2014-11-14 16:50:24','2014-11-19 13:20:17','$2y$10$WjNR.oFpbkAd42ReUMOSW.luttkVMeqT3Cx95v/FfYW6gHa6dXn/e',NULL,NULL,NULL,'2014-11-14 16:50:25','2014-11-19 13:20:17'),(61,'sean@seandaily.com','$2y$10$Ow8JdmoYBsVIAII7XH63fenaD4M8zbwUBt5gtTbXmBuX202iHruzi',NULL,1,NULL,'2014-11-14 16:56:47','2014-11-21 01:20:24','$2y$10$Tn5HPgd18HTosx/a0QVML.bHZ8yDDJaw1QllnEHyGRsSEpHdmUsou',NULL,'Sean','Daily','2014-11-14 16:56:47','2014-11-21 01:20:24'),(62,'crpmllc@gmail.com','$2y$10$NApcSU5wOZ9uk0JGckLyXOzGWPH3S3JTKOlkni1HgmpRjEUXBg9Pu',NULL,1,NULL,'2014-11-14 16:58:27','2014-11-14 17:26:07','$2y$10$sJIuTseMNtZk8L0pySvd/eUk7mX.Zzx6XisHeR5FFyAdLZzriN8dK',NULL,NULL,NULL,'2014-11-14 16:58:27','2014-11-14 17:26:07'),(63,'semaclean@gmail.com','$2y$10$PvaRcep5VOMxD0Q/DqL1PeDhCQynqirZqWzGmCdfanOGQjOHHA3H.',NULL,1,NULL,'2014-11-14 16:58:33','2014-11-14 17:43:32','$2y$10$CEOxoGdKaKBcgSoJtONwl.jRJjbnh9av8MjzyRbBe1cHukUbDVnL2',NULL,NULL,NULL,'2014-11-14 16:58:33','2014-11-14 17:43:32'),(64,'info@grigorian.biz','$2y$10$2S/WkGhaU3xnWq0Y2WfRxOV9aqxpCbqCo7aSXc6pT82wFHWUzWRg.',NULL,1,NULL,'2014-11-14 17:30:18','2014-11-18 07:14:05','$2y$10$cDzHZ8wcAFvUAHbz6QGraOz0lWEp0rVFOpupTSSQp1cAolhUIaJ6q',NULL,NULL,NULL,'2014-11-14 17:30:18','2014-11-18 07:14:05'),(65,'tom33pt@gmail.com','$2y$10$6ob871gDe5y3YKlYeHFQUutElMQ4gByT5vKRwajWQaPtcKvu.nchW',NULL,1,NULL,'2014-11-14 18:26:54','2014-11-23 16:19:23','$2y$10$QNuITc/h1n.xfjhLenv1fOEgxdnpV/7om4lRhDkxubFRrw6uoIEIu',NULL,'Tom','Lynch','2014-11-14 18:26:54','2014-11-23 16:19:23'),(66,'cindy@gr8passion.com','$2y$10$njLKvCInhkMB9hLqHWQ5P.9UcAoaYPBpeSbBiwASU.OD7ka/5fi2u',NULL,1,NULL,'2014-11-14 18:29:32','2014-11-23 21:05:49','$2y$10$3HUfAUQc3LM2S7l72gMI4OuB/36Nlf7PXt7ilFZKoKuFjnLeLbOGi',NULL,NULL,NULL,'2014-11-14 18:29:32','2014-11-23 21:05:49'),(68,'pruntyusa@gmail.com','$2y$10$0ZxYj19./8ggeqjmDaBVDep7dRaCVcqy06QW3T0fT6iYfuDB69RP6',NULL,1,NULL,'2014-11-15 00:11:17','2014-11-15 00:57:16','$2y$10$NQtnC5XHDiGIC/6bG1x.keXUHHjVhYyzWZSk.NZjug7XcBIkgdZ9O',NULL,NULL,NULL,'2014-11-15 00:11:17','2014-11-15 00:57:16'),(69,'aotusajo@live.co.uk','$2y$10$ycv87cWl0zcjClgph597tOzPith0T1bTu5ojYbJG9aI47w.MKAfki',NULL,1,NULL,'2014-11-15 12:20:37','2014-11-20 14:02:22','$2y$10$Lp1oduS2745ev5v7bTzfVuyuQZJQyJ4eXv7tO/z66fu8wF3se6w0y',NULL,NULL,NULL,'2014-11-15 12:20:37','2014-11-20 14:02:22'),(70,'wrpllc@gmail.com','$2y$10$AmknNe13x5IcwjRyBZrwuO3hd2xEA.0PswJ49ORAnzVyQxZmcGlty',NULL,1,NULL,'2014-11-15 14:32:54','2014-11-19 16:55:16','$2y$10$HO6lJ1a.kB6BCiCZLFFRHOeZYPsOkZM2Fyk1LhhnRaTQ7w64LcA5m',NULL,NULL,NULL,'2014-11-15 14:32:55','2014-11-19 16:55:16'),(71,'g.munnings@gmail.com','$2y$10$Xcdhw5p2YNDFS8kJkEMQy.wBUw2sUT.G8eHzUbqY754tH8vYi44GG',NULL,1,NULL,'2014-11-15 14:51:48','2014-11-16 04:48:27','$2y$10$Z4IWQQIHdUf5SnpPBh9O2.2bNBzuYCYpAKKBnWA4fIFNLnA8oGrGq',NULL,NULL,NULL,'2014-11-15 14:51:48','2014-11-16 04:48:27'),(72,'dhanak@eim.ae','$2y$10$W.8j/CTBfBQEpFCp6kk9k.DFlC3qzb20wr.5eEKg2HPlKK7DM.6Lu',NULL,1,NULL,'2014-11-15 16:36:55','2014-11-15 16:43:01','$2y$10$vu0P0MWL/XR5pf1NSS6KRe3GlTvgnsbNuY6vgCN3Gjhfqh.O1ezhm',NULL,NULL,NULL,'2014-11-15 16:36:55','2014-11-15 16:43:01'),(74,'bigtimedesigns@gmail.com','$2y$10$GY.mauDFPu1CuHlVAnUn6eOSMwG7yocgGidEZZ6BK7eLzdj.4fw5y',NULL,1,NULL,'2014-11-15 17:35:42','2014-11-15 17:36:22','$2y$10$b3Cty8qpN5Arll6.6uxvu.fphAuYj8ZGWFK/R2oahmTdoFAqjQzxS',NULL,NULL,NULL,'2014-11-15 17:35:42','2014-11-15 17:36:22'),(75,'mhmasterson@msn.com','$2y$10$4al6znzhLYsSQrarB0xs0e.z3wxhcj2Td92iqafJmvoVpQ81dwkn.',NULL,1,NULL,'2014-11-15 17:50:02','2014-11-18 11:25:12','$2y$10$x5gTP9MdpxTZYtAR.aj3x.u8CDN//hjxbIdEvh0QmyiNnL8u9Ikcq',NULL,NULL,NULL,'2014-11-15 17:50:02','2014-11-18 11:25:12'),(76,'infinitebounty@gmail.com','$2y$10$/uQa/8L1IdoHEFMgWMf2DOuKpYJ89oBXuFoQBU8SyXTzj3r4baSGW',NULL,1,NULL,'2014-11-15 19:51:44','2014-11-15 20:00:09','$2y$10$SBqAa2Jf9gXJ41TovVLPTeNirQXtH4ZgRfmBwBm5HcvgXg2tZ5U5a',NULL,NULL,NULL,'2014-11-15 19:51:44','2014-11-15 20:08:06'),(77,'nikolabidelev@gmail.com','$2y$10$pk.OsBgMhrFL8dzRimsQwO67jnY4ryV1/UQRpMkS9M2Jhw2R2R6NG',NULL,1,NULL,'2014-11-15 21:12:26','2014-11-15 21:14:47','$2y$10$8oAeTDG93qyumOvbPlGQPuV4DLAvRKXqzgrPS0JxzvJnY6p4LwaXi',NULL,NULL,NULL,'2014-11-15 21:12:26','2014-11-15 21:14:47'),(78,'leadnetlocal@gmail.com','$2y$10$7CNCYBFpGamO8q7Txl//0.WqsA.E4ccMuG.Az6B7FBS/.ekTWtEle',NULL,1,NULL,'2014-11-15 23:14:07','2014-11-21 19:38:05','$2y$10$vxTvMqmv50iBgrG5cjFT9.rN1gQ5cYIC2yjGRsuKHNkhJMStIj776',NULL,NULL,NULL,'2014-11-15 23:14:07','2014-11-21 19:38:05'),(79,'srbamford44@gmail.com','$2y$10$x7n4aooLjWOWndVqE0jYDePOiZ1nhYc3OGKYi9HnRMtPnjv1gY8FC',NULL,1,NULL,'2014-11-16 00:17:25','2014-11-16 00:20:10','$2y$10$CFJTlCeygHvEF0WfiKisF.EnJ9oivx9q29RHv3J7udYwYa6pTWVSW',NULL,NULL,NULL,'2014-11-16 00:17:26','2014-11-16 00:20:10'),(80,'1bruno@tpg.com.au','$2y$10$q2jmeZkh0gtR68.ZOmloYu7LMi1wvgth9XcrPIQer0VXDq2vAD3yS',NULL,1,NULL,'2014-11-16 02:25:10','2014-11-16 02:27:11','$2y$10$SvaCiZ0mZviwFyhXT2P6f.tGHV8.dTBmfKLT8M73Yu8EphaS4Rb/u',NULL,NULL,NULL,'2014-11-16 02:25:10','2014-11-16 02:27:11'),(81,'yougra67@hotmail.com','$2y$10$KUthNVh/bgQZy4HVzpGLdOah93X610lkIptbeX35Qnv450kAevq0q',NULL,1,NULL,'2014-11-16 02:39:57','2014-11-16 02:42:17','$2y$10$x7ohSys56RhH.xvFpv630O5kMhb4J2zFvTCmLcqLDatLPArbeQq0e',NULL,NULL,NULL,'2014-11-16 02:39:57','2014-11-16 02:42:17'),(82,'craigj2@earthlink.net','$2y$10$9icHElXRfHIQ0bn1MEcPL.8uzkirMuAEleNff61n5/H49LFhxw8gO',NULL,1,NULL,'2014-11-16 07:42:03','2014-11-23 05:33:00','$2y$10$GGZEoS2bF8lskd9DvjlP/e0YTwdcChUYLT.bn0oojdxwpG1HqwNVK',NULL,NULL,NULL,'2014-11-16 07:42:03','2014-11-23 05:33:00'),(83,'sompopph@gmail.com','$2y$10$ocRMVBfNg.6sxU6AAMU08ubHJFuEvHxXdv5xREjAMRIpHIO9hvex2',NULL,1,NULL,'2014-11-16 10:06:57','2014-11-19 20:16:11','$2y$10$Eyytwqg0qY7W9sssbL4t2eBNcvf7fgZF7BB6ewsh4X/y6a/USA2Na',NULL,NULL,NULL,'2014-11-16 10:06:57','2014-11-19 20:16:11'),(84,'paypal8@happidayz.com','$2y$10$h.IkRUUGHSh5ktOEDA81GOs6D9km05i3l.8CIG79e3AEZ/Yf8HH8m',NULL,1,NULL,'2014-11-16 10:11:49','2014-11-16 18:21:33','$2y$10$aVQZV0jkD.mLLbHgw1TE0e.qz0YZCqmZOdx0h/w/WGVLai9K7QeEG',NULL,NULL,NULL,'2014-11-16 10:11:49','2014-11-16 18:21:33'),(85,'ekierson@aol.com','$2y$10$jGzdfG8te69xPdEgFv8XMOXScGCFYMvHIy59RMeLXXDb8a96s13T6',NULL,1,NULL,'2014-11-16 11:33:11',NULL,NULL,NULL,NULL,NULL,'2014-11-16 11:33:11','2014-11-16 11:33:11'),(87,'aglembach@hotmail.com','$2y$10$CyJz.UiQsCFEHXn85Fy5W.ocYH3j1jERqwdE86Bs73fkNBQVP0KuG',NULL,1,NULL,'2014-11-16 13:14:52','2014-11-17 18:20:42','$2y$10$Y3.OVNxliJTVDs/Y5/1Ckeg7o00dAIS3IKI38z4la8c/8T8rn3nWK',NULL,NULL,NULL,'2014-11-16 13:14:52','2014-11-17 18:20:42'),(88,'guarrella.giuseppe@gmail.com','$2y$10$NExek40qDzeNmrPDxu8fKOrnhidSxFDNQsfh3tWmjSOFpbawYY/Aq',NULL,1,NULL,'2014-11-16 14:19:14','2014-11-22 07:13:13','$2y$10$M5D96t/DBQqqQ5KIBpLl/..ndye0vJzOiUoLup3A6vf3F1pLMjKom',NULL,NULL,NULL,'2014-11-16 14:19:14','2014-11-22 07:13:13'),(89,'ogunsiji7@gmail.com','$2y$10$RVjkWw8S0OQx.YxiRJHOK.LEnuG/NedrJDwI/BlKzbNVPehZU8MtK',NULL,1,NULL,'2014-11-16 14:20:11','2014-11-23 21:48:15','$2y$10$t.UGXwSb.f0KtctZX3HWnuEhs3mdzLZkwFz99wPO3Y0LVX/OvNnje',NULL,NULL,NULL,'2014-11-16 14:20:11','2014-11-23 21:48:15'),(90,'hogdogman@msn.com','$2y$10$pnflv.d1I0Yk.geckeZ97ODY8IIFvrlgh9OAk5AD34EjnHyUBlPSW',NULL,1,NULL,'2014-11-16 15:15:52','2014-11-20 01:24:37','$2y$10$2i3pAyUQTswLfnWh6L4mseS3pdNXvit5PdQU.m7MovRWi6dJexG22',NULL,NULL,NULL,'2014-11-16 15:15:52','2014-11-20 01:24:37'),(91,'ffquint@gmail.com','$2y$10$Ij2CWH7VkQZPLUgl2rulGOuWPulEavxH154EC37W6IJYiAA85vb2i',NULL,1,NULL,'2014-11-16 15:34:44','2014-11-16 15:38:15','$2y$10$PlCDGaYrb6LkQIwnS3sC5ey65lv9pZHkMerFBEfOpM6ZeRj3bev6i',NULL,NULL,NULL,'2014-11-16 15:34:44','2014-11-16 15:38:15'),(92,'7figure123@gmail.com','$2y$10$dFgHXAGQhIwUL87XrPg3E.0nuWrdSuCXgQHvQdAvIHPXaIBWns.Wq',NULL,1,NULL,'2014-11-16 15:59:38','2014-11-23 18:37:06','$2y$10$AW.rabt7CrdT01LqIyRWyemHL4lU1Hp6oc2oa0UC/iuI1Wewchl0u',NULL,NULL,NULL,'2014-11-16 15:59:38','2014-11-23 18:37:06'),(93,'adami.marketing@gmail.com','$2y$10$G8muYtjFAa9fyHkx9xF0n.TYvwhUhzO/pX6Q.J/VtevCxveOlc/JC',NULL,1,NULL,'2014-11-16 16:27:26','2014-11-22 08:37:37','$2y$10$Vxam4m1dTb/kynowckit7O6/mE5T0Bi83o23/He3cv6q0UOLublYS',NULL,NULL,NULL,'2014-11-16 16:27:27','2014-11-22 08:37:37'),(94,'heidifoord@shaw.ca','$2y$10$CmjnIxvt3UQBVEOswYExk.8AvicQA6/0KbypIADAl3mUO0uTSKNRq',NULL,1,NULL,'2014-11-16 16:35:37','2014-11-18 15:19:17','$2y$10$3WwzIlwEEGoLZCDIvgYrmuIFKbeXoL82Yufez0C/ZnYCJMniqx6hi',NULL,NULL,NULL,'2014-11-16 16:35:37','2014-11-18 15:19:17'),(95,'rlawsing@gmail.com','$2y$10$82M2d6OVDBWEl7MkmIPU0ucXZR8EuFMSgryKDePZ/KN.6iqTvRp66',NULL,1,NULL,'2014-11-17 15:35:07','2014-11-17 15:35:39','$2y$10$WOks4rTCd44bZrQYXZwmUurjFxt6HbZVltjWLOQUYgeY6IuAFnTva',NULL,NULL,NULL,'2014-11-16 16:39:10','2014-11-17 15:35:39'),(97,'mostafi@gmail.com','$2y$10$E3tkb4.JfC//vNZVz9VdpOtGld9WUcpP5jRy5L5gqJJlBVMYcRkfK',NULL,1,NULL,'2014-11-16 16:56:08','2014-11-16 16:58:25','$2y$10$aNtv28ZE996jFHFhKwgX0eSdnci8Q2IMyDeNc5YVHWp5dgJ8solUS',NULL,NULL,NULL,'2014-11-16 16:56:08','2014-11-16 16:58:25'),(98,'tibor.fritz@gmail.com','$2y$10$7C85RFMp5bNOY.0yRRZ6Ge7PC7KmQYM2a6IXieFQkCXjT2hb8xqCG',NULL,1,NULL,'2014-11-16 17:17:19','2014-11-16 17:50:33','$2y$10$M2IAfYulSjP5Z/bM48yGHulUZnDa61RJY15xeMrNZVLEjQAK.PbC2',NULL,NULL,NULL,'2014-11-16 17:17:20','2014-11-16 17:50:33'),(99,'jws364@yahoo.com','$2y$10$RJQzc8KdYEAzud9p9UoN0uwZ6uBaSqoC.EWPc4HMQ85ArwfKv1iZy',NULL,1,NULL,'2014-11-16 17:54:53','2014-11-17 19:50:40','$2y$10$l8808./icA5DqgefKFgtDefOhVKb4T0XeBea8t0jrCfC7ZiPtb0Zm',NULL,NULL,NULL,'2014-11-16 17:54:53','2014-11-17 19:50:40'),(100,'joncky@aol.com','$2y$10$M/obE2d9LSeq1vifBcpWlew2pBwIDq8qNTZ9.ZxLRtzIXbJYSi2m.',NULL,1,NULL,'2014-11-16 18:04:48','2014-11-21 01:47:17','$2y$10$/bAUTjlM2VbFV5DOAGiwo.q95gS8oqlPdaXEoz/TgCby6pLXAgIRu',NULL,NULL,NULL,'2014-11-16 18:04:48','2014-11-21 01:47:17'),(101,'mosgroup2@gmail.com','$2y$10$.KJOoM0KHeRcKI9zSg3E6e4VlWmwvvWkk84aYMwlt97fa74PmbkeO',NULL,1,NULL,'2014-11-16 18:05:46','2014-11-21 22:17:58','$2y$10$JwzbEm5SBGlBO.BLPLDOK.uv9kyiCFh2cE3tjpDlGauQuxfShTxke',NULL,NULL,NULL,'2014-11-16 18:05:46','2014-11-21 22:17:58'),(102,'kuririn1@gmail.com','$2y$10$nfIjiRdjTa5eSPa8sh.Gt.s0M5dPptGcVy0Mon/neoE7IHT1MUqei',NULL,1,NULL,'2014-11-16 18:23:18','2014-11-16 18:23:47','$2y$10$DBgjJZzJ14iCOvXCOlYHROcH/IBE8DvYI.kIJ4ZYl2MG1AgCMbS1a',NULL,NULL,NULL,'2014-11-16 18:23:19','2014-11-16 18:23:47'),(103,'sectradings@gmail.com','$2y$10$HPXVwfffEBXUGpnH3s9jUua9KfCrv8k37YizAejnUrIGZebqw2YZi',NULL,1,NULL,'2014-11-16 18:39:40','2014-11-23 17:58:00','$2y$10$XaBA3CS.qEypzF.uxYpRoOXC5KEf8ocNmEJUPD.r.bDDaV14xPYa.',NULL,NULL,NULL,'2014-11-16 18:39:41','2014-11-23 17:58:00'),(104,'btstoday56@gmail.com','$2y$10$PTpN5sit8KqnCJi52R/NR.Tz9A7Oaqj7nk7DXmSQM6zob2Jvv451W',NULL,1,NULL,'2014-11-16 19:03:06','2014-11-18 03:51:14','$2y$10$bopeCTUPKi4.zG7to4PM.uCAavK4YtjGsFgWUr84VP5vKNJB927nC',NULL,NULL,NULL,'2014-11-16 19:03:06','2014-11-18 03:51:14'),(105,'gstygar@gmail.com','$2y$10$WrTwfWbh1RWjWy4KQzSuQ.nVK8Y/qDWGox8pBwThEj6pZR9Tmii6a',NULL,1,NULL,'2014-11-16 19:29:22','2014-11-16 21:04:40','$2y$10$dWHhKf3U2MtMfG7YrrjtqumbG.cgZWzTAiY71mlQSRlsHoHXQxrqq',NULL,NULL,NULL,'2014-11-16 19:29:22','2014-11-16 21:04:40'),(106,'dwccustomercare@gmail.com','$2y$10$xdHFQAo6Zke/qkiVfj8L2.oSLF8vLgpeRMVuETggcSz5mkJZ5Noti',NULL,1,NULL,'2014-11-16 21:05:28','2014-11-23 20:00:19','$2y$10$tBaZmdreW7dmK.JyAsIEP.Wa8Nr2hFanDA.LbRzgR0/MNtTyL/.ga',NULL,NULL,NULL,'2014-11-16 21:05:28','2014-11-23 20:00:19'),(107,'drummondgrandpa@yahoo.com','$2y$10$NdRqkNda773yJsEoBzCb6OzQqOAGF2ZW.JL7Pg/oO3.luAtBpx25e',NULL,1,NULL,'2014-11-16 21:13:40','2014-11-23 19:06:05','$2y$10$I.CumzDp68hYF6/FfHxGieVdmve/Vq2fLt/Mb1smUZloQPSBgbZLi',NULL,NULL,NULL,'2014-11-16 21:13:40','2014-11-23 19:06:05'),(108,'viservice11@gmail.com','$2y$10$SdRbmoCDcPxpT00dA0JMbOPlwfS8zzy1hGi5iFwAe3a92GpliNJ8m',NULL,1,NULL,'2014-11-16 21:22:10','2014-11-19 14:57:02','$2y$10$IyWVKTj5ejCTr3EkgSImyeqjBLF/mzGuvn.itT7AFSrCsOPtJi4Ci',NULL,NULL,NULL,'2014-11-16 21:22:10','2014-11-19 14:57:02'),(109,'raidernation2008@hotmail.com','$2y$10$85tHmZPNcD3mxnqlah6QkOy1vjxsVLpNMxh9BDi0M6S3noHR5Ha5W',NULL,1,NULL,'2014-11-16 21:26:27','2014-11-18 03:17:06','$2y$10$v4olGHnKrvf44HUSgi.gF.TlEGuFrjBFl0kMFye3bzUiW2C.StMW.',NULL,NULL,NULL,'2014-11-16 21:26:27','2014-11-18 03:17:06'),(111,'thompsonchristine@xtra.co.nz','$2y$10$TdXnZtvUSKudnJPlFHUit.1bOJiPzTCt6c/4WGy2R4k5JX0oh9P/e',NULL,1,NULL,'2014-11-16 21:46:54','2014-11-22 03:24:29','$2y$10$q5lQamm1GvMYkSO7aWEtB.f4PN/MpmZoU5HxYTQy8mkMjj2bsEdmW',NULL,NULL,NULL,'2014-11-16 21:46:54','2014-11-22 03:24:29'),(112,'mokutoro@gmail.com','$2y$10$MOdKMDX/WNPMuCNFAiJLzuvsyZBmOvFlCxWd0BwMD6ppEuziEH/Ji',NULL,1,NULL,'2014-11-16 21:48:04','2014-11-20 22:54:58','$2y$10$OFdi/nYz7pQP9sfyF97Z3ecX9G2BxEWkczSjWcMDm7TuNssrDOzoW',NULL,NULL,NULL,'2014-11-16 21:48:04','2014-11-20 22:54:58'),(113,'didoreen@aol.com','$2y$10$7Z6LSWdbWsZuobZ7wLG7KORU01BmR0o3Mj0YCVzEaa29UqIum.oPu',NULL,1,NULL,'2014-11-16 22:00:38','2014-11-17 21:22:49','$2y$10$NGOb/gYDXC2vLQF0ZvVXAuAmaP4HrAalRmAjYSOZEdwj.vLrFUcSu',NULL,'MarketingDiva','','2014-11-16 22:00:38','2014-11-17 21:22:49'),(114,'10241024simon@gmail.com','$2y$10$3vk004CG.Z4q9LaAPYHeSeS/dfWZUFeFdLwLUQoG.tm9RUtIvI6t.',NULL,1,NULL,'2014-11-16 22:01:26','2014-11-16 22:12:10','$2y$10$.TNw3g7BYCYg.uEXCpuoDu/drY199Uipd/MPJiN.I0fCj/XzH5pwW',NULL,NULL,NULL,'2014-11-16 22:01:26','2014-11-16 22:12:10'),(117,'iyahproductions@yahoo.com','$2y$10$DDM9z76mkPuDF3hyage4DOwWE7fRbQYEXhDhYFEu46ROmVofUoUVS',NULL,1,NULL,'2014-11-16 22:47:18','2014-11-18 21:24:06','$2y$10$vDDe/XaKLL8S6ekMhAn4j.EJRpTQfephWedJO6ijD10m8g0JDWSmC',NULL,NULL,NULL,'2014-11-16 22:47:18','2014-11-18 21:24:06'),(118,'lawrencetscott01@gmail.com','$2y$10$o/sC.3mBy1PUAztKDr8t0.kERF5lQV4hdsombCz21xJsuqgzRDERm',NULL,1,NULL,'2014-11-16 23:23:08','2014-11-20 00:04:41','$2y$10$w8KlQk.gelf1eOi198IkDerWLRWrHtSPJCH1aj23Z3hDUQetsKJyC',NULL,NULL,NULL,'2014-11-16 23:23:09','2014-11-20 00:04:41'),(119,'TrafficDrill@gmail.com','$2y$10$o2x/C007Iv/Lh8zJJHMcAeo31q7ZSpDnKD1hPbv.jCJ0fy90YZ0Sq',NULL,1,NULL,'2014-11-16 23:25:13','2014-11-16 23:26:58','$2y$10$k7u7Azb4kqz7eVtq4PSHru6fDRL0xmOvlwFmlU6lUv7c9P4Re/0/2',NULL,NULL,NULL,'2014-11-16 23:25:13','2014-11-16 23:27:39'),(120,'squick55@gmail.com','$2y$10$SD1k22Ml9Gw.UNPACDAJy.KSm42DJmOv1f8DFvJ0jm22rcw6JqZ4e',NULL,1,NULL,'2014-11-16 23:32:34','2014-11-19 20:45:15','$2y$10$OH.VBA3DQEMpL9SV6vbMfu9C4V0et9Qqkszgf0FnjrnC7RkQF2gCe',NULL,NULL,NULL,'2014-11-16 23:32:34','2014-11-19 20:45:15'),(121,'laomariaalex@gmail.com','$2y$10$WA7Ze4QnjEyTplOQ/o3DquAK9rZeA3YFLbiTGMjeZ4EsmDOekzASe',NULL,1,NULL,'2014-11-16 23:38:17','2014-11-16 23:45:52','$2y$10$QSoqVhzPS4C.vLloBjv/peE/bMU/AahdJhDGrETDFPXm3797dNCuS',NULL,NULL,NULL,'2014-11-16 23:38:17','2014-11-16 23:45:52'),(123,'j2yancey@att.net','$2y$10$o4XURuqMDvADCxriiUEr.equo8bfEb63zpGAKCXB2MG9mRkq4XrDG',NULL,1,NULL,'2014-11-17 00:02:42','2014-11-19 10:31:34','$2y$10$n1q/u8ZRgESsl1eh/qdOd.X2F5fvf0jH1soWf2D4bIp1IhbmAjgV2',NULL,NULL,NULL,'2014-11-17 00:02:42','2014-11-19 10:31:34'),(126,'yourbuzzmarketing@gmail.com','$2y$10$9L8U1SwhF9HrK/IKtWuSDuED.mwmRUOc7GMPRdMLqyRvSk5MgRiJG',NULL,1,NULL,'2014-11-17 00:17:13','2014-11-23 03:12:08','$2y$10$AF6g5Z1C.zqEPqfYzq6taOfT7ag63Dw/D/Qo0a3NdQJNcxnMM.p2G',NULL,NULL,NULL,'2014-11-17 00:17:13','2014-11-23 03:12:08'),(127,'thewealthforall@gmail.com','$2y$10$qoqYmAYe8epGE0pk1wRfleMyJEFYFMwAkqrqLx8/jiy728A7JEDKW',NULL,1,NULL,'2014-11-17 00:19:55','2014-11-17 00:37:37','$2y$10$9zRcMpYtie2GvKncHdGmjO.pBwub0xuVPcLgwZyDoGhrtpGJ3dXby',NULL,NULL,NULL,'2014-11-17 00:19:55','2014-11-17 00:53:32'),(128,'jdhanda@shaw.ca','$2y$10$XS6SwhPI.u61IOq5L//YMeins0njwX/QoU6GTZCgOHABADvshxQ9G',NULL,1,NULL,'2014-11-17 00:23:35','2014-11-17 00:29:23','$2y$10$mHQEjUkZaileHocNS0YVE.rIkvn9oXRORCteRUcgGoUejIiaxXR1W',NULL,NULL,NULL,'2014-11-17 00:23:35','2014-11-17 00:29:23'),(129,'davehollisusa@yahoo.com','$2y$10$20HYGbtbnmx4Yv.XSArNJ.5cq61vZWfSZHIRXZ9iRcTHpKMNiRRVe',NULL,1,NULL,'2014-11-17 00:27:00','2014-11-23 22:10:11','$2y$10$guzWjiM.rw70FosgBUqkN.1CSD9ZKnZtx5blKwbRsWBheaWlLsoUK',NULL,NULL,NULL,'2014-11-17 00:27:00','2014-11-23 22:10:11'),(130,'wereinteractive@gmail.com','$2y$10$1DwDTVht66Bw5KSAZoJ7aej6G5eaxC/EOp.WKBXCuyuZC8n54T0Wu',NULL,1,NULL,'2014-11-17 00:29:40','2014-11-17 03:30:15','$2y$10$oST/xfV1SMYNhSUqDejlyuXklWNNYh3aat50Ev0n4HWAYza4CSu5u',NULL,NULL,NULL,'2014-11-17 00:29:40','2014-11-17 03:30:15'),(131,'peterhef@yahoo.com','$2y$10$4QN4do.PlEC/bYENr82RdOAvRgrgyNWodDAXw7lsKe.lVstshUDb2',NULL,1,NULL,'2014-11-17 00:36:12','2014-11-18 02:03:31','$2y$10$ObzxU37Cpk9EXzq/BGy.JO8.IY2.Vt3xhWy937YjUEuJFIyuWL8ny',NULL,NULL,NULL,'2014-11-17 00:36:12','2014-11-18 02:03:31'),(132,'sherrymcillwain88@gmail.com','$2y$10$r4P5G7KH2PMyyViJt.cOVe6cYK03cvip8roubEMXKIeJvcrzxC.6i',NULL,1,NULL,'2014-11-17 00:42:31','2014-11-22 11:12:04','$2y$10$LQQHWlqI/sC4AT5QELIRdek3Rzv.eKmlF4IyD.TSZAdRdpirb/SZG',NULL,NULL,NULL,'2014-11-17 00:42:32','2014-11-22 11:12:04'),(133,'buddy@rathmell.com','$2y$10$iOEV7MDSsRTfGDZoWj0xC.juB7eiJTX73cNczY7rJjdAd1RYYnyL.',NULL,1,NULL,'2014-11-17 01:00:11','2014-11-18 10:25:13','$2y$10$i.4EFveOO18/gpRP7T.JSOUDKp7mC2GL666V200KW2Qw/Xn.HEYfO',NULL,NULL,NULL,'2014-11-17 01:00:11','2014-11-18 10:25:13'),(134,'imsecrets14@gmail.com','$2y$10$10HSQsQWcrM6XIZD1iehB.sQP6e1ypoem/tQmLhrkPzvGInmxbE82',NULL,1,NULL,'2014-11-17 01:00:16','2014-11-17 01:02:53','$2y$10$Ym1/90hbeEoFdQgFw0JsE.9skx1ORbF5LprNu70ocpcSYouG8QrYu',NULL,NULL,NULL,'2014-11-17 01:00:16','2014-11-17 01:02:53'),(135,'Kyle.mobile53@gmail.com','$2y$10$zs4TqMj5jNzACtDoRD7lgeTJj/GUHjeNyblIqf3UbXMvVh2wGzOge',NULL,1,NULL,'2014-11-17 01:35:12','2014-11-17 16:20:17','$2y$10$F1G.bZaNc/v/BPx3L0p5L.3M99MibXgd9ikWQyf4fwlLKHkfiy2oa',NULL,NULL,NULL,'2014-11-17 01:35:12','2014-11-17 16:20:17'),(136,'don@4reservices.com','$2y$10$oNsnbzu3IaowNhVHhng0G.71g/fZMqIq9c2FJmEb53bI6Qw4Sk/DG',NULL,1,NULL,'2014-11-17 01:44:24','2014-11-17 17:45:08','$2y$10$t5ghC2UnasCna7DW2DiUjO5Hg0oqRaUW7qSkQ5WlGYlLHLhN.gJwC',NULL,NULL,NULL,'2014-11-17 01:44:24','2014-11-17 17:45:08'),(137,'gregorydlc5@yahoo.com','$2y$10$ZJ8NB3jpIvF9H9ofU5HYXuNXQWzUb/G/ebU36q3mr1C4vA.0TR/OK',NULL,1,NULL,'2014-11-17 01:51:15','2014-11-17 11:19:43','$2y$10$7/dlIA0RfK40qZq65TK5r.ZlYKdGzbUsZuJrfXNlx/gvmlU.qX9Nu',NULL,NULL,NULL,'2014-11-17 01:51:15','2014-11-17 11:19:43'),(138,'cdiller79@gmail.com','$2y$10$lc5muhBZFoqwBDA8MbOvvu1aEmWeMyQFOqBIP0sGxapz07b9.Frdi',NULL,1,NULL,'2014-11-17 02:15:01','2014-11-17 02:16:56','$2y$10$awX2Gk028bxPl0QTiF2QiOMrjqGXJbwis2JDS1enyGAVNDNi6gV5e',NULL,NULL,NULL,'2014-11-17 02:15:01','2014-11-17 02:16:56'),(139,'owainbrew@yahoo.com','$2y$10$dD7Y92nvQ2mIRh0MsHh4l.q3EZ0wJ7dut1V2JFHkrQKm0uxyboKFW',NULL,1,NULL,'2014-11-17 02:24:30',NULL,NULL,NULL,NULL,NULL,'2014-11-17 02:24:30','2014-11-17 02:24:30'),(140,'trader@swbell.net','$2y$10$kbE0C0D0AWe7/OY97pqtdes4Rhw9hSEwmroaNH4ssg4xp69YlMSyO',NULL,1,NULL,'2014-11-17 02:33:29','2014-11-21 21:32:16','$2y$10$HY/SiKzADnM1isBzyXNZreaFNyiAM1vb4LUPgxE6RY/48KnAe8JZq',NULL,NULL,NULL,'2014-11-17 02:33:29','2014-11-21 21:32:16'),(143,'larryll626@gmail.com','$2y$10$ca4mZ0yjOVfDFSzER6srHOQKUZYf2bOaUWvbXC1oz7ctqev92Ap1m',NULL,1,NULL,'2014-11-17 06:47:24','2014-11-17 06:55:37','$2y$10$F6yG1EXUnZojWZZSr3ynLOyN1nHCYNUa5TJulnr7o21ScNCGzWgZe',NULL,NULL,NULL,'2014-11-17 06:47:24','2014-11-17 06:55:37'),(144,'hkanceljak@yahoo.com','$2y$10$pLoaFxh1/ELYK8vrzN06YuiuBiNUJHZwI14frykcY.g47sJy/h31S',NULL,1,NULL,'2014-11-17 08:02:10','2014-11-23 17:19:17','$2y$10$xxsLqQ6bElSrYhLpzBkMnOm6pebtdOcuyZt/psgZXHRe8RPLxilF2',NULL,NULL,NULL,'2014-11-17 08:02:10','2014-11-23 17:19:17'),(145,'sippenwine@gmail.com','$2y$10$s4vybLlW2I17Ce9uVGssqevsGlEMvSNMeD4MZniEBYVCtokGB4WUa',NULL,1,NULL,'2014-11-17 09:35:00','2014-11-22 07:05:11','$2y$10$6B0S6WBa4DvrVbYpxHkPsuZYUUpdY7EE4.a/NEztF9PSrzP31TXVi',NULL,NULL,NULL,'2014-11-17 09:35:00','2014-11-22 07:05:11'),(146,'shareitall@aol.com','$2y$10$Z.D4TToLBkUwquWWd0YrhOY3qPyyvqCWsbC7QO3Y3wG5kuu7JSK2G',NULL,1,NULL,'2014-11-17 10:05:45','2014-11-17 10:12:29','$2y$10$NF2wt0600diwdpkIwDl30OnZ9n1ulXDNqcp5wqmUcBun58b8FsABG',NULL,NULL,NULL,'2014-11-17 10:05:45','2014-11-17 10:12:29'),(147,'indigo9@iinet.net.au','$2y$10$3YA3uA2tYfeAf.NP7joR4e2mqinrI8.1n2pVVpiJ9qOI89PG47G9S',NULL,1,NULL,'2014-11-17 10:12:12','2014-11-17 10:13:22','$2y$10$ow1MFQw8OCrKMsLqxuUAluAsbKVM7S9rHUUw2ViWVCx.zqfZeRY/6',NULL,NULL,NULL,'2014-11-17 10:12:12','2014-11-17 10:14:08'),(149,'brickert@resultsmarketing.biz','$2y$10$3a0gB6gI/crV.UVck8o.iO3Y6duoYRkqzeogVaEfi5wB18Z3ydum.',NULL,1,NULL,'2014-11-17 12:50:11','2014-11-18 13:00:30','$2y$10$kpQctWHx9rMkWkHWjeOvVOUf3Abpw2DEB8z7bZoCOt37.nxJf9yxm',NULL,NULL,NULL,'2014-11-17 12:50:11','2014-11-18 13:00:30'),(150,'hayley@moomphmedia.co.uk','$2y$10$tURsQWrxrAk4rERjdnKEu.FyQ3c4mp2Ay68yLR0o.iD15Fp3AvldK',NULL,1,NULL,'2014-11-17 13:01:40','2014-11-23 07:38:35','$2y$10$JWFLnUBdvifbpbe/972FWe.pKrl70FfryFWZGRFpBnvo20JrY5zqe',NULL,NULL,NULL,'2014-11-17 13:01:40','2014-11-23 07:38:35'),(151,'wealthmakerpro@gmail.com','$2y$10$eFtLoXXipR5NAK78yxNZAuSf3egLmhKCibVuUx8KDA2xmwUAYNb7G',NULL,1,NULL,'2014-11-17 13:03:26','2014-11-18 15:22:38','$2y$10$snLuwfbZ/hzjcSdJeVwBrO3.lMoNOf9ZG9vmN7xhpdE2Q2v3A5vmO',NULL,NULL,NULL,'2014-11-17 13:03:26','2014-11-18 15:22:38'),(152,'mattstefanik78@gmail.com','$2y$10$gozmKcgavp4Se8LSvhQUj.2TE9payPoRqxnjJWTRepxQROggPkBn.',NULL,1,NULL,'2014-11-17 15:02:09','2014-11-17 21:09:12','$2y$10$R.DYg5uW4yViCN/AgJYt5eSOH2g/cXcSjo2YsH9b9WxoO9rfWmX5a',NULL,NULL,NULL,'2014-11-17 14:57:39','2014-11-17 21:09:12'),(153,'paul.tipping@sky.com','$2y$10$YTEwkLXlLZmDA0Dcom3j/O4Zl9ggTeHs1dCPbwduJaVWX7VtAAPuC',NULL,1,NULL,'2014-11-17 16:51:27','2014-11-22 17:46:09','$2y$10$279TkIiqHgI52YuFxwI9Gexujzpd8x9.OWlubEiO9IgA3Xsk0YucK',NULL,NULL,NULL,'2014-11-17 16:51:27','2014-11-22 17:46:09'),(155,'gichachi55@yahoo.com','$2y$10$Ao9GvEzhzQVR.r8.2n/UPOWhalBfmm/d/ogb/MB2HT.ktcFasCthi',NULL,1,NULL,'2014-11-17 20:31:23','2014-11-19 13:36:08','$2y$10$9cE0AKZnUIafzTwDq3J1YufeDGkK7.RDLNydmfxn8QbWb8RF7vT2S',NULL,NULL,NULL,'2014-11-17 20:31:23','2014-11-19 13:36:08'),(156,'sorphanos@aol.com','$2y$10$Vzy4zFqn9bNPTMZgFv2BFur1xG/6Y/dxsmIcboDVEBd1pb8rHaLM.',NULL,1,NULL,'2014-11-17 20:48:56','2014-11-17 20:52:23','$2y$10$n8tBlchhR527siYUiyXnDuLk9CEjfnEc4DJyAUt5VBXwwK/t10f.S',NULL,NULL,NULL,'2014-11-17 20:48:56','2014-11-17 20:52:23'),(157,'ditchtheworkout@gmail.com','$2y$10$IfYwi8UsxcqdZo1cMveHg.z0SOvQK20g73q1qc/zL.zIzjxcE0uw2',NULL,1,NULL,'2014-11-18 00:00:32','2014-11-22 20:39:29','$2y$10$6hjJX.vHM0ACY8VkmVVdhONkFiFQ4RQITwnuWybMjqu4pe02Z0Ph2',NULL,NULL,NULL,'2014-11-18 00:00:32','2014-11-22 20:39:29'),(158,'blvnetwork@gmail.com','$2y$10$/DVvkb8d7klDJDlVyEbPGOnOYexOGqqYn2Xl.TzNrlNBEMRvkafM6',NULL,1,NULL,'2014-11-18 01:41:17','2014-11-18 01:45:05','$2y$10$jJZbgQxx9MJNTNGjOuoa8uwKQwXeN7zlNN2X3KIR345WydXUY1hyO',NULL,NULL,NULL,'2014-11-18 01:41:17','2014-11-18 01:45:05'),(159,'sdmck1@optusnet.com.au','$2y$10$f6P1iSf5LL0ORTXFQ.n3OuEFCTbVsj7Mwj8C/tlW3kYzLL2UYuHE2',NULL,1,NULL,'2014-11-18 07:22:57','2014-11-18 07:34:02','$2y$10$W9FjhES9lcWfuhoaEqU8HesyW4Vajiiyzr0gtlCZFyjvOdu8u5lS.',NULL,NULL,NULL,'2014-11-18 07:22:58','2014-11-18 07:36:39'),(160,'kyotochris@yahoo.com','$2y$10$n.4c8trtHIrF8iAvzqRudekg9wNK/BO.m0gYyxysjiMyCbeejRfhK',NULL,1,NULL,'2014-11-23 01:29:55','2014-11-23 01:34:04','$2y$10$1uxdR55bL4bKWU2gHRO4S.kdJ0uMeAQf7qSFzyfLCYtN86HzS3XDC',NULL,NULL,NULL,'2014-11-18 19:19:36','2014-11-23 01:34:04'),(161,'akstrategies@yahoo.com','$2y$10$NbpgkoCrCDyurYEAcVOrOuCm9UVQVmQbEc16PDxUFAhoCgldTc2OK',NULL,1,NULL,'2014-11-19 19:02:25','2014-11-19 19:02:49','$2y$10$h6fIcawSmdgor2KvCnjQJOGwGn7DuRz35WTpJTOjGryKzZRdjc5Va',NULL,NULL,NULL,'2014-11-19 04:37:08','2014-11-19 19:02:49'),(162,'hapaone86@gmail.com','$2y$10$hYTEx5Q7Is9FbG89yCwreeeqXAbumBkrv3wVYf2VwMtDnt.ghkh1u',NULL,1,NULL,'2014-11-19 16:51:47','2014-11-23 16:13:31','$2y$10$55.Q9ltHg8rLjt4yNJF2ruf.WZdhC4ZdeoHrVNARJGFZxWZCwRGse',NULL,NULL,NULL,'2014-11-19 16:51:47','2014-11-23 16:13:31'),(163,'cps452@gmail.com','$2y$10$NbowVkiH4oP3uAUp2TqkrulY9kstPFi2jB6mFl7jwxlpcDSv6HCLq',NULL,1,NULL,'2014-11-20 23:16:56','2014-11-21 01:49:36','$2y$10$sVvl2XsjyC9hhX.bqK2k.uvlJNoYRllW74u5AtikNN/uSkE0FVcKy',NULL,NULL,NULL,'2014-11-20 23:16:56','2014-11-21 01:49:36'),(164,'kamvietso1@gmail.com','$2y$10$v3bMiAp4ZVpxeq.4tgkaMu0uHZSdlQfEEzS9Hvia8rFmkw5r95mVy',NULL,1,NULL,'2014-11-21 00:20:58','2014-11-22 13:18:06','$2y$10$oJfTfw3FZ3S1AJgELo7BsuezYx2FeIy1VSNKlXA2mEXXyZIzuSI9y',NULL,NULL,NULL,'2014-11-21 00:20:58','2014-11-22 13:18:06'),(165,'andrew@brandseo.com','$2y$10$MaOQCnkFOf22ocFnvIUQS.GGCZDFpsb8Ekzb9Fhd8Feqg8ObK.8YC',NULL,1,NULL,'2014-11-21 00:35:16','2014-11-21 00:40:25','$2y$10$z8QzCxrpFbe2GRQPhCVYS.iUWFCurvYTyc/Ib6WV9rt4mrPAjkxiK',NULL,NULL,NULL,'2014-11-21 00:35:16','2014-11-21 00:40:25'),(167,'info@Think-media.com.au','$2y$10$B5ccDoK1oK4t4giifhwVfuieOIg2sWBbiBsieniJFLEV.xcmHLcla',NULL,1,NULL,'2014-11-21 01:29:49','2014-11-23 19:52:33','$2y$10$V0QanMh/Ct3ToDmILrkMLuhc4L5FezvvT6fiYSrfo0PKq/LN5WgOC',NULL,NULL,NULL,'2014-11-21 01:29:49','2014-11-23 19:52:33'),(168,'msbahe@yahoo.com','$2y$10$Qth1GTlnzOe7hJvW/3s0l.b4uaOat/KOc/4G7Kf9f43OPZaok2dcq',NULL,1,NULL,'2014-11-21 01:41:18','2014-11-21 17:30:40','$2y$10$r4KNu4hY2MQM4GASqpfXGe6bqsrSczrGgXUTaPJmcBvGAkWuAGxla',NULL,NULL,NULL,'2014-11-21 01:41:18','2014-11-21 17:30:40'),(169,'johnpaulhutchison@gmail.com','$2y$10$8CgOVd1.7G56jWktzvQ8/eYb/mFfe1p6UOgpzte6ky0iYCvJ2Ux2W',NULL,1,NULL,'2014-11-21 02:06:05','2014-11-23 21:45:55','$2y$10$uc4wmEQ5Xgc.EfJ002RJ9eUvXKSg7A5E0L5kzg3QOfkyt7ik4rVuy',NULL,NULL,NULL,'2014-11-21 02:06:05','2014-11-23 21:45:55'),(170,'chris.am.news@gmail.com','$2y$10$ehOKv5XiFl7I3p.rwWRjwuexr/mRuY4IT.SzB4D75RfdDiYg2mv2G',NULL,1,NULL,'2014-11-21 21:07:54','2014-11-23 18:19:29','$2y$10$ppJCFc1fxYUxJz/.4wBRMeO4yWVSmBlx0w5uQv4lY66oCEe5iLibu',NULL,NULL,NULL,'2014-11-21 02:46:45','2014-11-23 18:20:11'),(171,'J.ettelt@gmx.de','$2y$10$7yck/88XiHLcYEqn0StNbOzEEW6QSgHheZ/rVMlhws.CPpCrNV50m',NULL,1,NULL,'2014-11-21 04:15:25','2014-11-21 05:55:20','$2y$10$BK.rQi0.lqxNXAUl/e/39uKmgec9CeLBybTeoqiQ0DC.5L3g89FaK',NULL,NULL,NULL,'2014-11-21 04:15:25','2014-11-21 05:56:55'),(172,'daskal.elad@gmail.com','$2y$10$PdALSxStwDfcziBb3ygDnOGw2RaawxshPYBfxEvmQhZVo2cE/zN6S',NULL,1,NULL,'2014-11-21 04:50:15','2014-11-23 15:10:56','$2y$10$dH7VSKJA5otdWrzarG/lN.A16zUvcXL9VIOslKfeS/cDvDasSnOrq',NULL,NULL,NULL,'2014-11-21 04:50:15','2014-11-23 15:10:56'),(173,'themarketing2010@gmail.com','$2y$10$HX1qgqybec4RCucQ5YooOuOY1F0mNBYsI3RfV5IHAQQuHANBbsq2C',NULL,1,NULL,'2014-11-21 07:48:31','2014-11-21 07:50:36','$2y$10$cOcso8CpNHC3P.l1PCl0dOdnJdxXs270BXQqmcWXqLO.ecaTFrnqO',NULL,NULL,NULL,'2014-11-21 07:48:32','2014-11-21 07:50:36'),(174,'hien.g.quoc@gmail.com','$2y$10$20z/UmO2SQcqkBztnAwxy.JwhY.d8xtjqsPctP3q42ddEtHAO3PXG',NULL,1,NULL,'2014-11-21 08:04:19','2014-11-22 07:14:31','$2y$10$BwYbE9obPNNgmoz36Br2ueCzyftMRGTAi7sBWqd1DwoBWnD6lYI1K',NULL,NULL,NULL,'2014-11-21 08:04:19','2014-11-22 07:14:31'),(175,'tehkah@yahoo.com.hk','$2y$10$D49MUGyt2BSuF1.boNVJbOvKYSGrcaiVNfqyV1PExKeGr6BAyBtVe',NULL,1,NULL,'2014-11-21 08:46:18','2014-11-24 00:32:28','$2y$10$8HCN/cCra9TPsHS0RqyU2.eRbb7/BMpISr7dWCCKi3Uu.bfwoj/eK',NULL,NULL,NULL,'2014-11-21 08:46:18','2014-11-24 00:32:28'),(176,'Hosking2011@live.com.au','$2y$10$UW9GQq.X8EaAjRfZdtsKte8IGsDNPh.K6ulKn65c9t9B8i/NVd19W',NULL,1,NULL,'2014-11-21 09:05:49','2014-11-21 11:36:49','$2y$10$B2zUC1KDiRa/Z5hRBOKAx.OO0c47O8S8mYts9VhK/VS4fMypXOl8K',NULL,NULL,NULL,'2014-11-21 09:05:49','2014-11-21 11:36:49'),(177,'Belesprint@gmail.com','$2y$10$iSg7SuK22m34V5UpVhRQme.bdpClDwbwzCGatpscGBdvtGfQ0gE6C',NULL,1,NULL,'2014-11-21 11:12:07','2014-11-23 14:45:54','$2y$10$XlfQVQXE6QwpBDW2RervMOyQC8PR1HOR29pRjnNWMMdga7S2UQz12',NULL,NULL,NULL,'2014-11-21 11:12:07','2014-11-23 14:45:54'),(178,'patrick.malone27@gmail.com','$2y$10$en53Niy/jefSC5bj7sDJZ.CZbtzJQEyI/I6BgYV8QmjABuL5fbS5C',NULL,1,NULL,'2014-11-21 12:37:39','2014-11-21 15:20:07','$2y$10$McYyW7cSCEBkzprCTmWPy.0UiZIn9Ac1DXzzwNq81xhuiO.4WFJL2',NULL,NULL,NULL,'2014-11-21 12:37:40','2014-11-21 15:20:07'),(179,'justin@marketmarines.com','$2y$10$GC8HX.gsLyC90mc88kdzBuOEHkkBCHlAWhqbj/Ec9z9exus8wo4E6',NULL,1,NULL,'2014-11-21 12:49:01','2014-11-21 12:50:21','$2y$10$w99BjFPE5NWyVarXSAVuZeNTR76.R/YX1wxFzxXKM7rLtnXVUM4GG',NULL,NULL,NULL,'2014-11-21 12:49:02','2014-11-21 12:52:36'),(180,'Ulrikastenmark1@gmail.com','$2y$10$cjgDmwRa21AzQgtV/ft.jeSnvLV4hqiCtqwB5yiBGWbLdwZFGL6ca',NULL,1,NULL,'2014-11-21 12:56:49','2014-11-21 13:01:48','$2y$10$IJRdDYHQYC4NrCrhXt8L0uQ1uVS13wlNGjo5iGhFaXQxkHVeGTW2e',NULL,NULL,NULL,'2014-11-21 12:56:50','2014-11-21 13:01:48'),(181,'derrick.drews@gmail.com','$2y$10$cz96gVMOxld0nJLnxv38reQQFuivqzTmqEwrOnf6RK7BDo6L1ud32',NULL,1,NULL,'2014-11-21 23:56:01','2014-11-21 23:58:12','$2y$10$E2dRusLuLNsXVj82tSaOseGW2Lhc7.UenqBa8O/AJmx8Jxm/mPYl6',NULL,NULL,NULL,'2014-11-21 23:56:02','2014-11-21 23:58:12'),(182,'kengperapol@gmail.com','$2y$10$x7fboTmHEV9J1O0cUzc73urSDh6OoKPYQy07gAiNBnjzF3kOLaUuW',NULL,1,NULL,'2014-11-22 00:59:09','2014-11-22 01:00:14','$2y$10$BLk4GaNEsqJwt7qwW4n9leJ1DOzxgJZpyyqTEJk0xIuuGzj8AdlVq',NULL,NULL,NULL,'2014-11-22 00:59:09','2014-11-22 01:00:14'),(183,'rogeriogaliano@gmail.com','$2y$10$wRQI00tj83pmJ1GoKiHwQeU1MLpiFiHiLkOUGsXZBqh6HhlEYPyoa',NULL,1,NULL,'2014-11-22 01:42:55','2014-11-22 02:49:44','$2y$10$zSE1KPvVo.FaXwaosRljYucNvNSqOyvkDInZe4SmUoIURJoD/Sr8m',NULL,NULL,NULL,'2014-11-22 01:42:56','2014-11-22 02:49:44'),(184,'peakwealthsystems@gmail.com','$2y$10$RC7Paiowz2gvDAuifmWea.k6xrzLi2ZjUaGlm6X/m31q4cg23BBsC',NULL,1,NULL,'2014-11-22 04:14:11','2014-11-22 04:17:04','$2y$10$ASmgVp1gQ0XEps6hPl2puepTvpcaY5fwoGTK4OdNUBW1.En03ZrKa',NULL,NULL,NULL,'2014-11-22 04:14:11','2014-11-22 04:38:07'),(185,'nathanvogts@gmail.com','$2y$10$uL9FKw0GwVAxVHJaybHSHe.QF/XAURZbfA1VFGEYIQyt//hOh062K',NULL,1,NULL,'2014-11-22 07:05:15','2014-11-22 11:12:21','$2y$10$mnBp3AkubQEukSFJEqcqaOh92U927AAR8/2LMeieMqRSSNOV9rAZO',NULL,NULL,NULL,'2014-11-22 07:05:15','2014-11-22 11:12:21'),(186,'antanuxs@gmail.com','$2y$10$JlnJz89eayIa4Y3rg7gkbOeaSoRFNjVWQgpJuccjmyREijTnm2dTW',NULL,1,NULL,'2014-11-22 08:46:10','2014-11-22 08:47:35','$2y$10$RKLc.Nvo1XN4OAcfpMn1fekYfot5JGtc8HHItmYvsvKa3tga5BsHG',NULL,NULL,NULL,'2014-11-22 08:46:10','2014-11-22 08:57:32'),(187,'csmapril@yahoo.com','$2y$10$4sc/tCZyLr0KGh6Wlr6dyuab3wHTiBM179Cat.4jBf7dciGIw8YDy',NULL,1,NULL,'2014-11-22 09:58:14','2014-11-22 13:31:02','$2y$10$6ZxnFFtPlIKh73X0LONaX.odorZ9xFahFdVGDOZSILGELd25QnDN.',NULL,NULL,NULL,'2014-11-22 09:58:14','2014-11-22 13:31:02'),(188,'dherv22@gmail.com','$2y$10$L7ArIsTr5bQaIzKFrCoPeuIihvLjjkkjBzvp/NhlmrfJRsAsbn24K',NULL,1,NULL,'2014-11-22 10:28:46',NULL,NULL,NULL,NULL,NULL,'2014-11-22 10:28:46','2014-11-22 10:28:46'),(189,'underkover2009@live.fr','$2y$10$2bhv2im8V8ATpFgIX6EQ4OirtVdUls/kQgpTJZlBk.kMfZKcLYN6y',NULL,1,NULL,'2014-11-22 18:06:29','2014-11-23 05:20:41','$2y$10$bHEjpt7nQdra4EUNTriKx.XHqYEUqEHOOy3Lr7xZFLWfTgrpNpsCi',NULL,NULL,NULL,'2014-11-22 18:06:29','2014-11-23 05:20:41'),(190,'dhudhu@live.com','$2y$10$Jsn0hhiaIX5F0JUYOY1ZVeK4fTHI1rRrutYkzH9Vol1ocrtxSHhPq',NULL,1,NULL,'2014-11-22 18:45:31','2014-11-22 18:47:13','$2y$10$eLJIr93g3rlnat8bTIcaD.C2Ct5zGT2o1q7Smg2kygYfUVBKxW7Um',NULL,NULL,NULL,'2014-11-22 18:45:31','2014-11-22 18:47:13'),(191,'bizbuzzcanada@gmail.com','$2y$10$KUW20zw6fkhjR.QloLRBaOq4X4U2xPa4SbXvMe.NK0lKsk4ccL0XK',NULL,1,NULL,'2014-11-22 23:01:59','2014-11-23 00:52:27','$2y$10$paAS0k0FrPs0le1C.IYuQ.QkkxEUNTsWt6MAPU52FyYQrR4JrUBbK',NULL,NULL,NULL,'2014-11-22 23:01:59','2014-11-23 00:52:27'),(192,'mschmittmu@gmail.com','$2y$10$Idt8ha./Rv76DeEWkxouGeGwV47XYgSyYIhcg3EuktDYFUh..wn9q',NULL,1,NULL,'2014-11-22 23:26:20','2014-11-23 18:05:58','$2y$10$stAbQO344Xrr3tZOMAmtIe/.Gcd2n8pA/GN98aF13eCJiF7mIcML.',NULL,NULL,NULL,'2014-11-22 23:26:20','2014-11-23 18:05:58'),(193,'april@dachshunddelights.com','$2y$10$v77bV1YheWQpS8QP2d4znuqSwGgxOmdCajg9P2spk/bPfE5CDfS7S',NULL,1,NULL,'2014-11-22 23:49:39','2014-11-23 01:48:25','$2y$10$acM/GD8a9saAaD0SFOzfOeJe7qYScyp.DGcECODAagW9fw2OgTAiO',NULL,NULL,NULL,'2014-11-22 23:49:39','2014-11-23 01:48:25'),(194,'sewmuchmore@verizon.net','$2y$10$fMK38bG8mSMuqUALJ2HBU.kvOY82Z1Rfq9vIo.kwofcWvkj.BgZB6',NULL,1,NULL,'2014-11-23 00:35:51','2014-11-23 00:37:05','$2y$10$Hvci5jOFwh7zx8Z1zOaaMu4uUVe2MlY.FerFPpUp3ZcIdek0r8cFG',NULL,NULL,NULL,'2014-11-23 00:35:51','2014-11-23 00:37:05'),(195,'admin@shopwithcre.com','$2y$10$9Kzddp9JWMF0pnhXD.Kioex7ZMgvu48885UjIKdY9UnGLKKZJLbIK',NULL,1,NULL,'2014-11-23 00:54:43','2014-11-23 01:07:11','$2y$10$QZLqdzl5b1jpP80IHqCVPuVHWUjBaajEYA6GAfTF9bwY/TNHtJzwq',NULL,NULL,NULL,'2014-11-23 00:54:43','2014-11-23 01:07:11'),(196,'mjt1517@gmail.com','$2y$10$0x4COkSKPAbF9rMykxBt1evcGzN6x8Rb2jqN1v6qQmuv6uq85OaNO',NULL,1,NULL,'2014-11-23 01:25:20','2014-11-23 01:26:30','$2y$10$cBiiq825pukdXMLDhPKXTO38DPoFL6.46ciQJEryAKgC3E7Uheirm',NULL,'Michael','Taylor','2014-11-23 01:25:21','2014-11-23 01:27:21'),(197,'gregsawers@hotmail.com','$2y$10$hckHR9yc619v386ZrPB1HeQXSa98aPXuvDjveKX1wqtoYzYdrsGyu',NULL,1,NULL,'2014-11-23 08:24:42','2014-11-23 08:30:14','$2y$10$yZbcOMyS2e8RXHD7xSple.kMbW4lKR1rV.9ih6G28xjAIjIBZeELK',NULL,NULL,NULL,'2014-11-23 08:24:42','2014-11-23 08:30:14'),(198,'mikey4@singnet.com.sg','$2y$10$TY4qz15H6Qk/qJ.lh/6DyOxAagohUJdi/S0zIgcM9wLJYAs5ksOtO',NULL,1,NULL,'2014-11-23 12:21:09','2014-11-23 12:23:20','$2y$10$Rsq2BVhtnPayiTQT93fPHeBaAq6Mq9xvSMakGH8uJHKiqMPPMg/mW',NULL,NULL,NULL,'2014-11-23 12:21:09','2014-11-23 12:23:20'),(199,'Woogieuh@gmail.com','$2y$10$pkZJR13vZovRDarJALlqNe5ZY4f1Ql/P5AouP7nYLJcmzot9C0p5W',NULL,1,NULL,'2014-11-23 13:51:21','2014-11-23 22:26:08','$2y$10$yBsIhz9GiX4D2kFbyCm80.xoOfUKcQqPpeDkZ2sI4NaHt3AJVKq7e',NULL,NULL,NULL,'2014-11-23 13:51:21','2014-11-23 22:26:08'),(200,'mkbonlinebiz@gmail.com','$2y$10$z9uEOkVtszeoBiK5ydhgk.9A/Nz7Rb6ilggcj2hWf.V4diIcrO4/y',NULL,1,NULL,'2014-11-23 14:23:20','2014-11-23 14:24:07','$2y$10$/1sMax5gbFLUfqlsZpseguUHbQOusQNML25uD4QH.f5T24h6j0sGW',NULL,NULL,NULL,'2014-11-23 14:23:20','2014-11-23 14:24:07'),(201,'iammarketing88@gmail.com','$2y$10$DoOyuKy3eu0n8sxWSId41elVt8t2XyybDY7CE6OwydR/4HC.Zi32W',NULL,1,NULL,'2014-11-23 15:21:55','2014-11-23 15:41:24','$2y$10$wxFwKPYYSxMmtYNVzpizQ.iboqTeZjhY2rEXU1o5ApVkOrQlEzPBC',NULL,NULL,NULL,'2014-11-23 15:21:55','2014-11-23 15:41:24'),(202,'matt4goodhealth@gmail.com','$2y$10$oAHaQI0hJJXux8hLwruum.PB2eiTaOLaHZpP6/cWgo/qA5upcqnZq',NULL,1,NULL,'2014-11-23 16:45:26','2014-11-23 16:49:54','$2y$10$wS9V/Nc/8.UuCY9hee21XuSfqA1NdfpTjIkI8hnKQZXnSHaqGmdPy',NULL,NULL,NULL,'2014-11-23 16:45:26','2014-11-23 16:49:54'),(203,'mpg@margae.net','$2y$10$pYxSmMCknEpLxkd7XT5GwuKCa4Bd6uld30QXAWwFigdzj3EJkp9qm',NULL,1,NULL,'2014-11-23 17:12:46','2014-11-23 20:50:46','$2y$10$V8M/zEOr99RgMqA8xC7Fi.F7ePuFPMVrdA/zEYpFOkMUfXKk/heBG',NULL,NULL,NULL,'2014-11-23 17:12:47','2014-11-23 20:50:46'),(204,'ctran0925@gmail.com','$2y$10$8J8eW4eyTuxjbhEm2E5b1uqQFHCSkHSW6AyHb.hfLJSlFKqwIBpLm',NULL,1,NULL,'2014-11-23 18:22:08','2014-11-23 18:33:14','$2y$10$sXsG0zhMLJYauqL73/nLzOAJIPWAkuzt7YsRDpxBJwAA46LeLRRqy',NULL,NULL,NULL,'2014-11-23 18:22:08','2014-11-23 18:33:14'),(205,'nepeanwbs@gmail.com','$2y$10$.j0aUjNY1qHm0pIlVsALT.ldDIRyoVsFbtwKeLtdS.RYU2N7wWDMi',NULL,1,NULL,'2014-11-23 18:32:09',NULL,NULL,NULL,NULL,NULL,'2014-11-23 18:32:09','2014-11-23 18:32:09'),(206,'yasir0786@gmail.com','$2y$10$8QwAwt8TnLxGhy6h4Psl7.FBoRAvYL/ciGVE.UEWEzckLBKGMDSGK',NULL,1,NULL,'2014-11-23 19:01:55','2014-11-23 19:05:05','$2y$10$GdXoheVFZAt38KB6TTy5xOyyDtPu8npME3Mc9IY3aW5RsiDFFHsDu',NULL,NULL,NULL,'2014-11-23 19:01:55','2014-11-23 19:05:05'),(207,'robcole76@gmail.com','$2y$10$h9IRclzqATWZ/qV5Deslq.aTPlca7gs/AHzTubYklyCJSoXFWq4GG',NULL,1,NULL,'2014-11-23 20:46:10','2014-11-23 20:47:37','$2y$10$rAWePHzjvL0f795mF0L0x.k6hexDJyPCBi1E0/t3WcEW1Sthzz.AW',NULL,NULL,NULL,'2014-11-23 20:46:10','2014-11-23 20:47:37'),(208,'redcloudukfb@gmail.com','$2y$10$gu2CWQMW2QVvv7jroqbqWeOx1QMEOu7U/.bw4dXgpqyITLBZ0NrtW',NULL,1,NULL,'2014-11-23 21:16:25','2014-11-23 21:18:37','$2y$10$efLKrWjSbto2g0dVylHA.uTlhd4/mCdlXgfy7kzIvzGvyfpDQHMmy',NULL,NULL,NULL,'2014-11-23 21:16:25','2014-11-23 21:18:37'),(209,'seamountain74@hotmail.com','$2y$10$i9xr82p/M41iFGAJPuqBx.9sePm73cvE5EAsTQY7MueSz913MONTe',NULL,1,NULL,'2014-11-23 22:25:49',NULL,NULL,NULL,NULL,NULL,'2014-11-23 22:25:49','2014-11-23 22:25:49'),(210,'trangpham204@gmail.com','$2y$10$m.fpDaUymLIT4oHKm.9fo.kXDz8QVBeMxt5.eP71PM1MwH2cXP4Te',NULL,1,NULL,'2014-11-23 22:35:00',NULL,NULL,NULL,NULL,NULL,'2014-11-23 22:35:00','2014-11-23 22:35:00'),(211,'jasonthebuc@gmail.com','$2y$10$EebUaa7chRQAVg2vktE5SOSqOyeAJNUS963blKIdHsJ.cXX.QHSqK',NULL,1,NULL,'2014-11-23 23:20:46',NULL,NULL,NULL,NULL,NULL,'2014-11-23 23:20:46','2014-11-23 23:20:46'),(212,'rmayolr@gmail.com','$2y$10$IJwaR1GdHc4GfHm/meswMehO49eIAFBToHzAmD0iomtUS.2TQIe/2',NULL,1,NULL,'2014-11-24 00:25:59','2014-11-24 00:27:02','$2y$10$bPtnyYPdmp3MuHq7mLYQfeZG18XcBUPVvkGpx3llS7n0GzRA/ySKi',NULL,NULL,NULL,'2014-11-24 00:25:59','2014-11-24 00:27:02'),(213,'branko.ajze@gmail.com','$2y$10$pcRc6BEnGVdJoPbeOs.E4ODsnYHUbzV/aWYoUm5eb5rarLB5vioCm',NULL,0,'q3BFdw8UvGp11KOPl3TeKhCYTFgthVwG2admteChYZ',NULL,NULL,NULL,NULL,NULL,NULL,'2015-08-04 03:21:20','2015-08-04 03:21:20');

/*Table structure for table `users_groups` */

DROP TABLE IF EXISTS `users_groups`;

CREATE TABLE `users_groups` (
  `user_id` int(10) unsigned NOT NULL,
  `group_id` int(10) unsigned NOT NULL,
  PRIMARY KEY (`user_id`,`group_id`)
) ENGINE=InnoDB DEFAULT CHARSET=utf8 COLLATE=utf8_unicode_ci;

/*Data for the table `users_groups` */

insert  into `users_groups`(`user_id`,`group_id`) values (1,1),(1,2),(2,1);

/*Table structure for table `website_details` */

DROP TABLE IF EXISTS `website_details`;

CREATE TABLE `website_details` (
  `id` int(10) unsigned NOT NULL AUTO_INCREMENT,
  `website_id` int(11) NOT NULL,
  `website_tags` text COLLATE utf8_unicode_ci,
  `website_organic_keywords` text COLLATE utf8_unicode_ci,
  `website_paid_keywords` text COLLATE utf8_unicode_ci,
  `created_at` timestamp NOT NULL DEFAULT '0000-00-00 00:00:00',
  `updated_at` timestamp NOT NULL DEFAULT '0000-00-00 00:00:00',
  PRIMARY KEY (`id`)
) ENGINE=InnoDB AUTO_INCREMENT=9 DEFAULT CHARSET=utf8 COLLATE=utf8_unicode_ci;

/*Data for the table `website_details` */

insert  into `website_details`(`id`,`website_id`,`website_tags`,`website_organic_keywords`,`website_paid_keywords`,`created_at`,`updated_at`) values (1,2543,'samsung galaxy,ipad,iphone cases,galaxy,iphone,iphone case,galaxy note,iphone accessories,sgp,nexus,','spigen,spigen cases,spigen iphone 6,spiegen,spigen galaxy s6,spigen s6,lg g4 case,sgp,spigen iphone 6 case,spigen s6 edge,','','2015-08-06 15:03:59','2015-08-06 15:03:59'),(4,2544,'starting,art,pop art,pink floyd,chain,key,poster,print,laptop,skin,','postergully,poster gully,buy movie posters online,indian cricket posters,buy sachin tendulkar poster online,buy posters online,true detective posters india,rock band badges,buy frames india,jain wall posters in india,','postergully,iphone 5s covers,jim moriarty,capdase iphone 5c case,iphone 6 cases india,paul walker poster,posters gully,steve jobs poster,posters,cutie pie gifts,','2015-08-06 15:08:08','2015-08-06 15:08:08'),(5,4643,'samsung galaxy,ipad,iphone cases,galaxy,iphone,iphone case,galaxy note,iphone accessories,sgp,nexus,','spigen,spigen cases,spigen iphone 6,spiegen,spigen galaxy s6,spigen s6,lg g4 case,sgp,spigen iphone 6 case,spigen s6 edge,','','2015-08-12 09:20:21','2015-08-12 09:20:21'),(6,4644,'starting,art,pop art,pink floyd,chain,key,poster,print,laptop,skin,','postergully,poster gully,buy movie posters online,indian cricket posters,buy sachin tendulkar poster online,buy posters online,true detective posters india,rock band badges,buy frames india,jain wall posters in india,','postergully,iphone 5s covers,jim moriarty,capdase iphone 5c case,iphone 6 cases india,paul walker poster,posters gully,steve jobs poster,posters,cutie pie gifts,','2015-08-12 09:20:26','2015-08-12 09:20:26'),(7,4645,'lit,','elitify,elitify.in,hollister india,vibram five fingers india buy online,armani shop in india,hollister india online shopping,coach minetta satchel crossgrain leather,coach bags online,keds in india,keds store in india,','elitify,coach bags,shower radio,red wine,printer for photos only,armani t shirts,kipling bags,michael kors,kenneth cole shoulder bags,elitify.com,','2015-08-12 09:20:34','2015-08-12 09:20:34'),(8,4646,'taiwan,nano,air,ipod,logo,','citiesocial,sagrada familia,coresuit carabiner +i6 plus,aerostone 30,  ,,0 ,thecoopidea,,city social,','','2015-08-12 09:20:41','2015-08-12 09:20:41');

/*Table structure for table `websites` */

DROP TABLE IF EXISTS `websites`;

CREATE TABLE `websites` (
  `id` int(10) unsigned NOT NULL AUTO_INCREMENT,
  `website` varchar(255) COLLATE utf8_unicode_ci NOT NULL,
  `location` varchar(255) COLLATE utf8_unicode_ci NOT NULL,
  `popular_rating` varchar(255) COLLATE utf8_unicode_ci NOT NULL,
  `created_at` timestamp NOT NULL DEFAULT '0000-00-00 00:00:00',
  `updated_at` timestamp NOT NULL DEFAULT '0000-00-00 00:00:00',
  `traffic_volume` int(11) DEFAULT NULL,
  `global_rank` int(11) DEFAULT NULL,
  `global_traffic` decimal(15,15) DEFAULT NULL,
  PRIMARY KEY (`id`)
) ENGINE=InnoDB AUTO_INCREMENT=4993 DEFAULT CHARSET=utf8 COLLATE=utf8_unicode_ci;

/*Data for the table `websites` */

insert  into `websites`(`id`,`website`,`location`,`popular_rating`,`created_at`,`updated_at`,`traffic_volume`,`global_rank`,`global_traffic`) values (4643,'Spigen.com','Canada','# 16,884','2015-08-11 12:15:05','2015-08-12 09:20:17',615684,39168,'0.548252026176780'),(4644,'Postergully.com','Canada','# 21,443','2015-08-11 12:15:06','2015-08-12 09:20:23',109204,131363,'0.340153354331540'),(4645,'Elitify.com','Canada','# 24,178','2015-08-11 12:15:06','2015-08-12 09:20:28',154867,120752,'0.293021740545100'),(4646,'Citiesocial.com','Canada','# 25,175','2015-08-11 12:15:06','2015-08-12 09:20:37',354128,49478,'0.041469543617675'),(4647,'Funko.com','Canada','# 25,263','2015-08-11 12:15:06','2015-08-11 12:15:06',NULL,NULL,NULL),(4648,'Hawkersco.com','Canada','# 26,201','2015-08-11 12:15:06','2015-08-11 12:15:06',NULL,NULL,NULL),(4649,'Freshmenu.com','Canada','# 26,758','2015-08-11 12:15:06','2015-08-11 12:15:06',NULL,NULL,NULL),(4650,'Shopmissa.com','Canada','# 29,639','2015-08-11 12:15:06','2015-08-11 12:15:06',NULL,NULL,NULL),(4651,'Kithnyc.com','Canada','# 38,896','2015-08-11 12:15:06','2015-08-11 12:15:06',NULL,NULL,NULL),(4652,'Triangl.com','Canada','# 40,057','2015-08-11 12:15:06','2015-08-11 12:15:06',NULL,NULL,NULL),(4653,'Mvmtwatches.com','Canada','# 40,404','2015-08-11 12:15:06','2015-08-11 12:15:06',NULL,NULL,NULL),(4654,'Mahabis.com','Canada','# 41,558','2015-08-11 12:15:06','2015-08-11 12:15:06',NULL,NULL,NULL),(4655,'Bajaao.com','Canada','# 42,277','2015-08-11 12:15:06','2015-08-11 12:15:06',NULL,NULL,NULL),(4656,'Muse-themes.com','Canada','# 42,859','2015-08-11 12:15:06','2015-08-11 12:15:06',NULL,NULL,NULL),(4657,'Morphebrushes.com','Canada','# 44,613','2015-08-11 12:15:06','2015-08-11 12:15:06',NULL,NULL,NULL),(4658,'Makershed.com','Canada','# 48,448','2015-08-11 12:15:06','2015-08-11 12:15:06',NULL,NULL,NULL),(4659,'Cheapundies.com','Canada','# 49,618','2015-08-11 12:15:06','2015-08-11 12:15:06',NULL,NULL,NULL),(4660,'Fashionnova.com','Canada','# 50,214','2015-08-11 12:15:06','2015-08-11 12:15:06',NULL,NULL,NULL),(4661,'Thechivery.com','Canada','# 50,216','2015-08-11 12:15:06','2015-08-11 12:15:06',NULL,NULL,NULL),(4662,'Shoeme.ca','Canada','# 52,926','2015-08-11 12:15:06','2015-08-11 12:15:06',NULL,NULL,NULL),(4663,'Mondotees.com','Canada','# 56,046','2015-08-11 12:15:06','2015-08-11 12:15:06',NULL,NULL,NULL),(4664,'Hengedocks.com','Canada','# 56,417','2015-08-11 12:15:06','2015-08-11 12:15:06',NULL,NULL,NULL),(4665,'Hipvan.com','Canada','# 58,233','2015-08-11 12:15:06','2015-08-11 12:15:06',NULL,NULL,NULL),(4666,'Blackmilkclothing.com','Canada','# 61,213','2015-08-11 12:15:06','2015-08-11 12:15:06',NULL,NULL,NULL),(4667,'Unifclothing.com','Canada','# 63,529','2015-08-11 12:15:06','2015-08-11 12:15:06',NULL,NULL,NULL),(4668,'Qalo.com','Canada','# 64,052','2015-08-11 12:15:06','2015-08-11 12:15:06',NULL,NULL,NULL),(4669,'Lookbookstore.co','Canada','# 64,250','2015-08-11 12:15:06','2015-08-11 12:15:06',NULL,NULL,NULL),(4670,'Headphone.com','Canada','# 67,679','2015-08-11 12:15:06','2015-08-11 12:15:06',NULL,NULL,NULL),(4671,'Knoxlabs.com','Canada','# 67,820','2015-08-11 12:15:06','2015-08-11 12:15:06',NULL,NULL,NULL),(4672,'Chubbiesshorts.com','Canada','# 68,090','2015-08-11 12:15:06','2015-08-11 12:15:06',NULL,NULL,NULL),(4673,'Kangeronline.com','Canada','# 69,061','2015-08-11 12:15:06','2015-08-11 12:15:06',NULL,NULL,NULL),(4674,'Powdercity.com','Canada','# 70,409','2015-08-11 12:15:06','2015-08-11 12:15:06',NULL,NULL,NULL),(4675,'Seedsforafrica.co.za','Canada','# 71,241','2015-08-11 12:15:06','2015-08-11 12:15:06',NULL,NULL,NULL),(4676,'Meowingtons.com','Canada','# 72,037','2015-08-11 12:15:06','2015-08-11 12:15:06',NULL,NULL,NULL),(4677,'Teeturtle.com','Canada','# 72,488','2015-08-11 12:15:06','2015-08-11 12:15:06',NULL,NULL,NULL),(4678,'Shopbando.com','Canada','# 75,934','2015-08-11 12:15:06','2015-08-11 12:15:06',NULL,NULL,NULL),(4679,'Tortugabackpacks.com','Canada','# 76,689','2015-08-11 12:15:06','2015-08-11 12:15:06',NULL,NULL,NULL),(4680,'Asmaraku.com','Canada','# 77,695','2015-08-11 12:15:06','2015-08-11 12:15:06',NULL,NULL,NULL),(4681,'100percentpure.com','Canada','# 77,745','2015-08-11 12:15:06','2015-08-11 12:15:06',NULL,NULL,NULL),(4682,'Myshopify.com','Canada','# 78,223','2015-08-11 12:15:06','2015-08-11 12:15:06',NULL,NULL,NULL),(4683,'Bestmadeco.com','Canada','# 79,764','2015-08-11 12:15:06','2015-08-11 12:15:06',NULL,NULL,NULL),(4684,'Greats.com','Canada','# 80,854','2015-08-11 12:15:07','2015-08-11 12:15:07',NULL,NULL,NULL),(4685,'Allyouneedfresh.cn.com','Canada','# 81,004','2015-08-11 12:15:07','2015-08-11 12:15:07',NULL,NULL,NULL),(4686,'Bellamihair.com','Canada','# 83,761','2015-08-11 12:15:07','2015-08-11 12:15:07',NULL,NULL,NULL),(4687,'Mmawarehouse.com','Canada','# 85,334','2015-08-11 12:15:07','2015-08-11 12:15:07',NULL,NULL,NULL),(4688,'Onlineprasad.com','Canada','# 86,291','2015-08-11 12:15:07','2015-08-11 12:15:07',NULL,NULL,NULL),(4689,'Case-mate.com','Canada','# 86,537','2015-08-11 12:15:07','2015-08-11 12:15:07',NULL,NULL,NULL),(4690,'Asgoodasnew.com','Canada','# 87,656','2015-08-11 12:15:07','2015-08-11 12:15:07',NULL,NULL,NULL),(4691,'Earthled.com','Canada','# 87,982','2015-08-11 12:15:07','2015-08-11 12:15:07',NULL,NULL,NULL),(4692,'Sharkrobot.com','Canada','# 89,238','2015-08-11 12:15:07','2015-08-11 12:15:07',NULL,NULL,NULL),(4693,'Tulababycarriers.com','Canada','# 90,123','2015-08-11 12:15:31','2015-08-11 12:15:31',NULL,NULL,NULL),(4694,'Hardgraft.com','Canada','# 90,854','2015-08-11 12:15:31','2015-08-11 12:15:31',NULL,NULL,NULL),(4695,'Sokoglam.com','Canada','# 91,478','2015-08-11 12:15:31','2015-08-11 12:15:31',NULL,NULL,NULL),(4696,'Headphonezone.in','Canada','# 91,638','2015-08-11 12:15:31','2015-08-11 12:15:31',NULL,NULL,NULL),(4697,'Turntablelab.com','Canada','# 92,318','2015-08-11 12:15:31','2015-08-11 12:15:31',NULL,NULL,NULL),(4698,'Lifx.com','Canada','# 93,683','2015-08-11 12:15:31','2015-08-11 12:15:31',NULL,NULL,NULL),(4699,'Chicagomusicexchange.com','Canada','# 94,195','2015-08-11 12:15:31','2015-08-11 12:15:31',NULL,NULL,NULL),(4700,'Smokecartel.com','Canada','# 95,325','2015-08-11 12:15:31','2015-08-11 12:15:31',NULL,NULL,NULL),(4701,'Thekewlshop.com','Canada','# 95,698','2015-08-11 12:15:31','2015-08-11 12:15:31',NULL,NULL,NULL),(4702,'Bdgastore.com','Canada','# 97,713','2015-08-11 12:15:31','2015-08-11 12:15:31',NULL,NULL,NULL),(4703,'Yellowfashion.in','Canada','# 98,128','2015-08-11 12:15:31','2015-08-11 12:15:31',NULL,NULL,NULL),(4704,'Ivoryella.com','Canada','# 98,229','2015-08-11 12:15:31','2015-08-11 12:15:31',NULL,NULL,NULL),(4705,'Shopjeen.com','Canada','# 98,673','2015-08-11 12:15:31','2015-08-11 12:15:31',NULL,NULL,NULL),(4706,'2modern.com','Canada','# 98,705','2015-08-11 12:15:31','2015-08-11 12:15:31',NULL,NULL,NULL),(4707,'Shopzerouv.com','Canada','# 99,058','2015-08-11 12:15:31','2015-08-11 12:15:31',NULL,NULL,NULL),(4708,'Thepoptoy.com','Canada','# 99,153','2015-08-11 12:15:31','2015-08-11 12:15:31',NULL,NULL,NULL),(4709,'Dollboxx.com.au','Canada','# 99,364','2015-08-11 12:15:31','2015-08-11 12:15:31',NULL,NULL,NULL),(4710,'Trimoda.com.br','Canada','# 99,647','2015-08-11 12:15:31','2015-08-11 12:15:31',NULL,NULL,NULL),(4711,'3claps.com','Canada','# 100,487','2015-08-11 12:15:31','2015-08-11 12:15:31',NULL,NULL,NULL),(4712,'Tattly.com','Canada','# 100,931','2015-08-11 12:15:31','2015-08-11 12:15:31',NULL,NULL,NULL),(4713,'Deimoda.com','Canada','# 101,512','2015-08-11 12:15:31','2015-08-11 12:15:31',NULL,NULL,NULL),(4714,'Outofthesandbox.com','Canada','# 102,032','2015-08-11 12:15:31','2015-08-11 12:15:31',NULL,NULL,NULL),(4715,'Rageon.com','Canada','# 102,969','2015-08-11 12:15:31','2015-08-11 12:15:31',NULL,NULL,NULL),(4716,'Polerstuff.com','Canada','# 103,070','2015-08-11 12:15:31','2015-08-11 12:15:31',NULL,NULL,NULL),(4717,'Brands4all.com.gr','Canada','# 103,195','2015-08-11 12:15:31','2015-08-11 12:15:31',NULL,NULL,NULL),(4718,'Stylishbazaar.com','Canada','# 103,285','2015-08-11 12:15:31','2015-08-11 12:15:31',NULL,NULL,NULL),(4719,'Denydesigns.com','Canada','# 103,608','2015-08-11 12:15:31','2015-08-11 12:15:31',NULL,NULL,NULL),(4720,'Gpen.com','Canada','# 103,653','2015-08-11 12:15:31','2015-08-11 12:15:31',NULL,NULL,NULL),(4721,'Dizinga.com','Canada','# 103,771','2015-08-11 12:15:31','2015-08-11 12:15:31',NULL,NULL,NULL),(4722,'Sevenly.org','Canada','# 108,540','2015-08-11 12:15:31','2015-08-11 12:15:31',NULL,NULL,NULL),(4723,'Johnnyshades.com','Canada','# 109,458','2015-08-11 12:15:31','2015-08-11 12:15:31',NULL,NULL,NULL),(4724,'Kleankanteen.com','Canada','# 109,539','2015-08-11 12:15:31','2015-08-11 12:15:31',NULL,NULL,NULL),(4725,'Sudara.org','Canada','# 110,379','2015-08-11 12:15:31','2015-08-11 12:15:31',NULL,NULL,NULL),(4726,'Shethinx.com','Canada','# 110,573','2015-08-11 12:15:31','2015-08-11 12:15:31',NULL,NULL,NULL),(4727,'Popchartlab.com','Canada','# 110,742','2015-08-11 12:15:31','2015-08-11 12:15:31',NULL,NULL,NULL),(4728,'Peachandlily.com','Canada','# 110,889','2015-08-11 12:15:31','2015-08-11 12:15:31',NULL,NULL,NULL),(4729,'Trunkster.co','Canada','# 111,862','2015-08-11 12:15:31','2015-08-11 12:15:31',NULL,NULL,NULL),(4730,'Edensgarden.com','Canada','# 111,904','2015-08-11 12:15:31','2015-08-11 12:15:31',NULL,NULL,NULL),(4731,'Purefixcycles.com','Canada','# 112,289','2015-08-11 12:15:32','2015-08-11 12:15:32',NULL,NULL,NULL),(4732,'Rowdygentleman.com','Canada','# 113,596','2015-08-11 12:15:32','2015-08-11 12:15:32',NULL,NULL,NULL),(4733,'Fragrantjewels.com','Canada','# 113,746','2015-08-11 12:15:32','2015-08-11 12:15:32',NULL,NULL,NULL),(4734,'Outdoorvoices.com','Canada','# 113,810','2015-08-11 12:15:32','2015-08-11 12:15:32',NULL,NULL,NULL),(4735,'Mizzue.com','Canada','# 113,835','2015-08-11 12:15:32','2015-08-11 12:15:32',NULL,NULL,NULL),(4736,'Skinnydiplondon.com','Canada','# 113,867','2015-08-11 12:15:32','2015-08-11 12:15:32',NULL,NULL,NULL),(4737,'Abookapart.com','Canada','# 113,945','2015-08-11 12:15:32','2015-08-11 12:15:32',NULL,NULL,NULL),(4738,'Fiebigershoes.com','Canada','# 114,790','2015-08-11 12:15:32','2015-08-11 12:15:32',NULL,NULL,NULL),(4739,'Kidrobot.com','Canada','# 114,834','2015-08-11 12:15:32','2015-08-11 12:15:32',NULL,NULL,NULL),(4740,'Alphaleteathletics.com','Canada','# 115,657','2015-08-11 12:15:32','2015-08-11 12:15:32',NULL,NULL,NULL),(4741,'Wolfnoir.com','Canada','# 115,689','2015-08-11 12:15:32','2015-08-11 12:15:32',NULL,NULL,NULL),(4742,'Homage.com','Canada','# 118,074','2015-08-11 12:15:32','2015-08-11 12:15:32',NULL,NULL,NULL),(4743,'Niqoo.com','Canada','# 118,261','2015-08-11 12:22:30','2015-08-11 12:22:30',NULL,NULL,NULL),(4744,'Boardgamegeekstore.com','Canada','# 120,581','2015-08-11 12:22:30','2015-08-11 12:22:30',NULL,NULL,NULL),(4745,'Hickies.com','Canada','# 120,696','2015-08-11 12:22:30','2015-08-11 12:22:30',NULL,NULL,NULL),(4746,'Fashionequation.com','Canada','# 121,523','2015-08-11 12:22:30','2015-08-11 12:22:30',NULL,NULL,NULL),(4747,'Eliquid.com','Canada','# 121,667','2015-08-11 12:22:30','2015-08-11 12:22:30',NULL,NULL,NULL),(4748,'Craneandcanopy.com','Canada','# 121,700','2015-08-11 12:22:30','2015-08-11 12:22:30',NULL,NULL,NULL),(4749,'Exportleftovers.com','Canada','# 122,176','2015-08-11 12:22:30','2015-08-11 12:22:30',NULL,NULL,NULL),(4750,'Jackerwin.com','Canada','# 122,767','2015-08-11 12:22:30','2015-08-11 12:22:30',NULL,NULL,NULL),(4751,'Topodesigns.com','Canada','# 122,877','2015-08-11 12:22:30','2015-08-11 12:22:30',NULL,NULL,NULL),(4752,'Pixiefaire.com','Canada','# 123,758','2015-08-11 12:22:30','2015-08-11 12:22:30',NULL,NULL,NULL),(4753,'Go-clair.com','Canada','# 124,130','2015-08-11 12:22:30','2015-08-11 12:22:30',NULL,NULL,NULL),(4754,'Evolutivelabs.com','Canada','# 124,161','2015-08-11 12:22:30','2015-08-11 12:22:30',NULL,NULL,NULL),(4755,'Mightycarmods.com','Canada','# 124,651','2015-08-11 12:22:30','2015-08-11 12:22:30',NULL,NULL,NULL),(4756,'Dropdead.co','Canada','# 125,207','2015-08-11 12:22:30','2015-08-11 12:22:30',NULL,NULL,NULL),(4757,'Ashleybridget.com','Canada','# 125,281','2015-08-11 12:22:30','2015-08-11 12:22:30',NULL,NULL,NULL),(4758,'Zooshoo.com','Canada','# 125,925','2015-08-11 12:22:30','2015-08-11 12:22:30',NULL,NULL,NULL),(4759,'Thepihut.com','Canada','# 128,871','2015-08-11 12:22:30','2015-08-11 12:22:30',NULL,NULL,NULL),(4760,'Survivalfrog.com','Canada','# 130,602','2015-08-11 12:22:30','2015-08-11 12:22:30',NULL,NULL,NULL),(4761,'Oipolloi.com','Canada','# 131,071','2015-08-11 12:22:30','2015-08-11 12:22:30',NULL,NULL,NULL),(4762,'Harrisfarm.com.au','Canada','# 131,169','2015-08-11 12:22:30','2015-08-11 12:22:30',NULL,NULL,NULL),(4763,'Cupshe.com','Canada','# 131,520','2015-08-11 12:22:30','2015-08-11 12:22:30',NULL,NULL,NULL),(4764,'Sivanaspirit.com','Canada','# 131,583','2015-08-11 12:22:30','2015-08-11 12:22:30',NULL,NULL,NULL),(4765,'Sochstudio.com','Canada','# 132,221','2015-08-11 12:22:31','2015-08-11 12:22:31',NULL,NULL,NULL),(4766,'Urbanarmorgear.com','Canada','# 132,959','2015-08-11 12:22:31','2015-08-11 12:22:31',NULL,NULL,NULL),(4767,'Casadocodigo.com.br','Canada','# 133,110','2015-08-11 12:22:31','2015-08-11 12:22:31',NULL,NULL,NULL),(4768,'Shopnaari.com','Canada','# 136,657','2015-08-11 12:22:31','2015-08-11 12:22:31',NULL,NULL,NULL),(4769,'Leuxonghoi.com','Canada','# 137,051','2015-08-11 12:22:31','2015-08-11 12:22:31',NULL,NULL,NULL),(4770,'Gamershop.com.mx','Canada','# 137,758','2015-08-11 12:22:31','2015-08-11 12:22:31',NULL,NULL,NULL),(4771,'Fittea.com','Canada','# 138,139','2015-08-11 12:22:31','2015-08-11 12:22:31',NULL,NULL,NULL),(4772,'Alicebow.com','Canada','# 138,157','2015-08-11 12:22:31','2015-08-11 12:22:31',NULL,NULL,NULL),(4773,'Italianbarber.com','Canada','# 138,165','2015-08-11 12:22:31','2015-08-11 12:22:31',NULL,NULL,NULL),(4774,'Parachutehome.com','Canada','# 138,652','2015-08-11 12:22:31','2015-08-11 12:22:31',NULL,NULL,NULL),(4775,'Osomwear.com','Canada','# 139,256','2015-08-11 12:22:31','2015-08-11 12:22:31',NULL,NULL,NULL),(4776,'Outofprintclothing.com','Canada','# 140,174','2015-08-11 12:22:31','2015-08-11 12:22:31',NULL,NULL,NULL),(4777,'Untuckit.com','Canada','# 140,941','2015-08-11 12:22:31','2015-08-11 12:22:31',NULL,NULL,NULL),(4778,'Jlabaudio.com','Canada','# 141,629','2015-08-11 12:22:31','2015-08-11 12:22:31',NULL,NULL,NULL),(4779,'Florencescoveljewelry.com','Canada','# 141,983','2015-08-11 12:22:31','2015-08-11 12:22:31',NULL,NULL,NULL),(4780,'Cosmetic-love.com','Canada','# 143,164','2015-08-11 12:22:31','2015-08-11 12:22:31',NULL,NULL,NULL),(4781,'Fresh-tops.com','Canada','# 143,233','2015-08-11 12:22:31','2015-08-11 12:22:31',NULL,NULL,NULL),(4782,'Hellomerch.com','Canada','# 143,807','2015-08-11 12:22:31','2015-08-11 12:22:31',NULL,NULL,NULL),(4783,'Popuptee.com','Canada','# 144,210','2015-08-11 12:22:31','2015-08-11 12:22:31',NULL,NULL,NULL),(4784,'Vfbpro.com','Canada','# 144,311','2015-08-11 12:22:31','2015-08-11 12:22:31',NULL,NULL,NULL),(4785,'Deadstock.ca','Canada','# 145,947','2015-08-11 12:22:31','2015-08-11 12:22:31',NULL,NULL,NULL),(4786,'Fashionclaw.com','Canada','# 146,187','2015-08-11 12:22:31','2015-08-11 12:22:31',NULL,NULL,NULL),(4787,'Posterguy.in','Canada','# 146,235','2015-08-11 12:22:31','2015-08-11 12:22:31',NULL,NULL,NULL),(4788,'Itokri.com','Canada','# 146,733','2015-08-11 12:22:31','2015-08-11 12:22:31',NULL,NULL,NULL),(4789,'Shopdashonline.com','Canada','# 147,619','2015-08-11 12:22:31','2015-08-11 12:22:31',NULL,NULL,NULL),(4790,'Valuecart.in','Canada','# 147,802','2015-08-11 12:22:31','2015-08-11 12:22:31',NULL,NULL,NULL),(4791,'Mymakeupbrushset.com','Canada','# 147,940','2015-08-11 12:22:31','2015-08-11 12:22:31',NULL,NULL,NULL),(4792,'Sfbags.com','Canada','# 148,159','2015-08-11 12:22:31','2015-08-11 12:22:31',NULL,NULL,NULL),(4793,'Danandphilshop.com','Canada','# 148,251','2015-08-11 12:22:55','2015-08-11 12:22:55',NULL,NULL,NULL),(4794,'Stampd.com','Canada','# 148,611','2015-08-11 12:22:55','2015-08-11 12:22:55',NULL,NULL,NULL),(4795,'Luxyhair.com','Canada','# 148,860','2015-08-11 12:22:55','2015-08-11 12:22:55',NULL,NULL,NULL),(4796,'Vaporauthority.com','Canada','# 149,294','2015-08-11 12:22:55','2015-08-11 12:22:55',NULL,NULL,NULL),(4797,'Despair.com','Canada','# 149,633','2015-08-11 12:22:55','2015-08-11 12:22:55',NULL,NULL,NULL),(4798,'Futurelight.co.za','Canada','# 150,042','2015-08-11 12:22:55','2015-08-11 12:22:55',NULL,NULL,NULL),(4799,'Dronesetc.com','Canada','# 150,526','2015-08-11 12:22:55','2015-08-11 12:22:55',NULL,NULL,NULL),(4800,'Go-iaso.com','Canada','# 151,627','2015-08-11 12:22:55','2015-08-11 12:22:55',NULL,NULL,NULL),(4801,'Mizzenandmain.com','Canada','# 152,487','2015-08-11 12:22:55','2015-08-11 12:22:55',NULL,NULL,NULL),(4802,'Boombycindyjoseph.com','Canada','# 152,611','2015-08-11 12:22:55','2015-08-11 12:22:55',NULL,NULL,NULL),(4803,'Statebicycle.com','Canada','# 152,703','2015-08-11 12:22:55','2015-08-11 12:22:55',NULL,NULL,NULL),(4804,'Distintos.com.br','Canada','# 152,757','2015-08-11 12:22:55','2015-08-11 12:22:55',NULL,NULL,NULL),(4805,'Tannergoods.com','Canada','# 152,800','2015-08-11 12:22:55','2015-08-11 12:22:55',NULL,NULL,NULL),(4806,'Beardbrand.com','Canada','# 154,451','2015-08-11 12:22:55','2015-08-11 12:22:55',NULL,NULL,NULL),(4807,'Twenty3.my','Canada','# 154,944','2015-08-11 12:22:55','2015-08-11 12:22:55',NULL,NULL,NULL),(4808,'Emilymcdowell.com','Canada','# 155,751','2015-08-11 12:22:55','2015-08-11 12:22:55',NULL,NULL,NULL),(4809,'Bbolder.com','Canada','# 156,758','2015-08-11 12:22:55','2015-08-11 12:22:55',NULL,NULL,NULL),(4810,'Spyguysecurity.com','Canada','# 156,891','2015-08-11 12:22:55','2015-08-11 12:22:55',NULL,NULL,NULL),(4811,'Shoreprojects.com','Canada','# 157,382','2015-08-11 12:22:55','2015-08-11 12:22:55',NULL,NULL,NULL),(4812,'Radiantbay.com','Canada','# 160,834','2015-08-11 12:22:55','2015-08-11 12:22:55',NULL,NULL,NULL),(4813,'Whiteplum.com','Canada','# 161,565','2015-08-11 12:22:55','2015-08-11 12:22:55',NULL,NULL,NULL),(4814,'Seiyajapan.com','Canada','# 163,359','2015-08-11 12:22:55','2015-08-11 12:22:55',NULL,NULL,NULL),(4815,'Bebe2go.com','Canada','# 163,408','2015-08-11 12:22:55','2015-08-11 12:22:55',NULL,NULL,NULL),(4816,'Mylesapparel.com','Canada','# 163,554','2015-08-11 12:22:55','2015-08-11 12:22:55',NULL,NULL,NULL),(4817,'Hellonomad.com','Canada','# 165,468','2015-08-11 12:22:55','2015-08-11 12:22:55',NULL,NULL,NULL),(4818,'Getdubs.com','Canada','# 166,052','2015-08-11 12:22:55','2015-08-11 12:22:55',NULL,NULL,NULL),(4819,'Wetdog.com.au','Canada','# 166,608','2015-08-11 12:22:55','2015-08-11 12:22:55',NULL,NULL,NULL),(4820,'Dropkaffe.com','Canada','# 166,652','2015-08-11 12:22:55','2015-08-11 12:22:55',NULL,NULL,NULL),(4821,'Theelephantpants.com','Canada','# 167,098','2015-08-11 12:22:55','2015-08-11 12:22:55',NULL,NULL,NULL),(4822,'Quadlockcase.com','Canada','# 168,192','2015-08-11 12:22:55','2015-08-11 12:22:55',NULL,NULL,NULL),(4823,'Cocowhite.com','Canada','# 168,737','2015-08-11 12:22:55','2015-08-11 12:22:55',NULL,NULL,NULL),(4824,'Smokonow.com','Canada','# 168,974','2015-08-11 12:22:55','2015-08-11 12:22:55',NULL,NULL,NULL),(4825,'Skinny-teatox.com','Canada','# 169,443','2015-08-11 12:22:55','2015-08-11 12:22:55',NULL,NULL,NULL),(4826,'Macmerise.com','Canada','# 171,666','2015-08-11 12:22:55','2015-08-11 12:22:55',NULL,NULL,NULL),(4827,'Blacktie.io','Canada','# 174,252','2015-08-11 12:22:55','2015-08-11 12:22:55',NULL,NULL,NULL),(4828,'2020ave.com','Canada','# 174,393','2015-08-11 12:22:55','2015-08-11 12:22:55',NULL,NULL,NULL),(4829,'Teradek.com','Canada','# 175,599','2015-08-11 12:22:55','2015-08-11 12:22:55',NULL,NULL,NULL),(4830,'Planetbox.com','Canada','# 175,676','2015-08-11 12:22:56','2015-08-11 12:22:56',NULL,NULL,NULL),(4831,'Ministryofsupply.com','Canada','# 176,069','2015-08-11 12:22:56','2015-08-11 12:22:56',NULL,NULL,NULL),(4832,'Usamilitarymedals.com','Canada','# 177,746','2015-08-11 12:22:56','2015-08-11 12:22:56',NULL,NULL,NULL),(4833,'Earthmamaangelbaby.com','Canada','# 177,813','2015-08-11 12:22:56','2015-08-11 12:22:56',NULL,NULL,NULL),(4834,'Inuinu.com','Canada','# 177,979','2015-08-11 12:22:56','2015-08-11 12:22:56',NULL,NULL,NULL),(4835,'Almarazrecords.com','Canada','# 179,156','2015-08-11 12:22:56','2015-08-11 12:22:56',NULL,NULL,NULL),(4836,'Drsebiscellfood.com','Canada','# 179,700','2015-08-11 12:22:56','2015-08-11 12:22:56',NULL,NULL,NULL),(4837,'Onceuponatee.net','Canada','# 179,912','2015-08-11 12:22:56','2015-08-11 12:22:56',NULL,NULL,NULL),(4838,'Budovideos.com','Canada','# 180,650','2015-08-11 12:22:56','2015-08-11 12:22:56',NULL,NULL,NULL),(4839,'Victoriaemerson.com','Canada','# 181,527','2015-08-11 12:22:56','2015-08-11 12:22:56',NULL,NULL,NULL),(4840,'Wholesalefashionshoes.com','Canada','# 182,421','2015-08-11 12:22:56','2015-08-11 12:22:56',NULL,NULL,NULL),(4841,'Biolitestove.com','Canada','# 182,821','2015-08-11 12:22:56','2015-08-11 12:22:56',NULL,NULL,NULL),(4842,'Dealman.co.nz','Canada','# 184,819','2015-08-11 12:22:56','2015-08-11 12:22:56',NULL,NULL,NULL),(4843,'Simplysuperheroes.com','Canada','# 588,453','2015-08-11 12:34:09','2015-08-11 12:34:09',NULL,NULL,NULL),(4844,'Onetruffle.com','Canada','# 588,507','2015-08-11 12:34:09','2015-08-11 12:34:09',NULL,NULL,NULL),(4845,'Rfpa.org','Canada','# 588,721','2015-08-11 12:34:09','2015-08-11 12:34:09',NULL,NULL,NULL),(4846,'Justwow.co.nz','Canada','# 588,825','2015-08-11 12:34:09','2015-08-11 12:34:09',NULL,NULL,NULL),(4847,'Hightidebowties.com','Canada','# 589,513','2015-08-11 12:34:09','2015-08-11 12:34:09',NULL,NULL,NULL),(4848,'Maprsales.com','Canada','# 589,619','2015-08-11 12:34:09','2015-08-11 12:34:09',NULL,NULL,NULL),(4849,'Kessinhouse.com','Canada','# 590,183','2015-08-11 12:34:09','2015-08-11 12:34:09',NULL,NULL,NULL),(4850,'Pinwheeljewels.com','Canada','# 590,605','2015-08-11 12:34:09','2015-08-11 12:34:09',NULL,NULL,NULL),(4851,'Triotablets.com','Canada','# 590,736','2015-08-11 12:34:09','2015-08-11 12:34:09',NULL,NULL,NULL),(4852,'Techkeys.us','Canada','# 591,120','2015-08-11 12:34:09','2015-08-11 12:34:09',NULL,NULL,NULL),(4853,'Trendnet.com.au','Canada','# 591,173','2015-08-11 12:34:09','2015-08-11 12:34:09',NULL,NULL,NULL),(4854,'Offpricegolf.com','Canada','# 591,247','2015-08-11 12:34:09','2015-08-11 12:34:09',NULL,NULL,NULL),(4855,'Polyscienceculinary.com','Canada','# 591,476','2015-08-11 12:34:09','2015-08-11 12:34:09',NULL,NULL,NULL),(4856,'Dentist.net','Canada','# 591,690','2015-08-11 12:34:09','2015-08-11 12:34:09',NULL,NULL,NULL),(4857,'1stknightcharity.com','Canada','# 591,691','2015-08-11 12:34:09','2015-08-11 12:34:09',NULL,NULL,NULL),(4858,'Elephonemobile.com','Canada','# 592,230','2015-08-11 12:34:09','2015-08-11 12:34:09',NULL,NULL,NULL),(4859,'Petitecherry.com','Canada','# 592,347','2015-08-11 12:34:09','2015-08-11 12:34:09',NULL,NULL,NULL),(4860,'Feitdirect.com','Canada','# 592,602','2015-08-11 12:34:09','2015-08-11 12:34:09',NULL,NULL,NULL),(4861,'Proofreadingservices.com','Canada','# 592,999','2015-08-11 12:34:09','2015-08-11 12:34:09',NULL,NULL,NULL),(4862,'Gothiclolitawigs.com','Canada','# 593,089','2015-08-11 12:34:10','2015-08-11 12:34:10',NULL,NULL,NULL),(4863,'Barebands.com','Canada','# 594,075','2015-08-11 12:34:10','2015-08-11 12:34:10',NULL,NULL,NULL),(4864,'Urbanration.com','Canada','# 594,102','2015-08-11 12:34:10','2015-08-11 12:34:10',NULL,NULL,NULL),(4865,'Theenglishporkpiecompany.com','Canada','# 594,228','2015-08-11 12:34:10','2015-08-11 12:34:10',NULL,NULL,NULL),(4866,'Bitemyapple.co','Canada','# 594,238','2015-08-11 12:34:10','2015-08-11 12:34:10',NULL,NULL,NULL),(4867,'Theairdock.com','Canada','# 594,261','2015-08-11 12:34:10','2015-08-11 12:34:10',NULL,NULL,NULL),(4868,'Latiendadefrida.com','Canada','# 594,333','2015-08-11 12:34:10','2015-08-11 12:34:10',NULL,NULL,NULL),(4869,'Soyglaze.com','Canada','# 594,360','2015-08-11 12:34:10','2015-08-11 12:34:10',NULL,NULL,NULL),(4870,'Supermug.co.uk','Canada','# 594,369','2015-08-11 12:34:10','2015-08-11 12:34:10',NULL,NULL,NULL),(4871,'Arcticfoxhaircolor.com','Canada','# 594,754','2015-08-11 12:34:10','2015-08-11 12:34:10',NULL,NULL,NULL),(4872,'Gosoftwear.com','Canada','# 594,777','2015-08-11 12:34:10','2015-08-11 12:34:10',NULL,NULL,NULL),(4873,'Atriumnyc.com','Canada','# 595,102','2015-08-11 12:34:10','2015-08-11 12:34:10',NULL,NULL,NULL),(4874,'Sofrenchsochic.com.au','Canada','# 595,246','2015-08-11 12:34:10','2015-08-11 12:34:10',NULL,NULL,NULL),(4875,'Giantrobot.com','Canada','# 595,480','2015-08-11 12:34:10','2015-08-11 12:34:10',NULL,NULL,NULL),(4876,'Juneandjanuary.com','Canada','# 595,588','2015-08-11 12:34:10','2015-08-11 12:34:10',NULL,NULL,NULL),(4877,'Liquidoff.com','Canada','# 595,738','2015-08-11 12:34:10','2015-08-11 12:34:10',NULL,NULL,NULL),(4878,'Delongwine.com','Canada','# 596,742','2015-08-11 12:34:10','2015-08-11 12:34:10',NULL,NULL,NULL),(4879,'Shopalisaburke.com','Canada','# 597,098','2015-08-11 12:34:10','2015-08-11 12:34:10',NULL,NULL,NULL),(4880,'Sohocenter.co.il','Canada','# 597,245','2015-08-11 12:34:10','2015-08-11 12:34:10',NULL,NULL,NULL),(4881,'Recycledfirefighter.com','Canada','# 597,815','2015-08-11 12:34:10','2015-08-11 12:34:10',NULL,NULL,NULL),(4882,'Suredesigntshirts.com','Canada','# 598,192','2015-08-11 12:34:10','2015-08-11 12:34:10',NULL,NULL,NULL),(4883,'Littleunicorn.com','Canada','# 598,308','2015-08-11 12:34:10','2015-08-11 12:34:10',NULL,NULL,NULL),(4884,'Boho-betty.com','Canada','# 598,488','2015-08-11 12:34:10','2015-08-11 12:34:10',NULL,NULL,NULL),(4885,'Cherwears.com','Canada','# 598,609','2015-08-11 12:34:10','2015-08-11 12:34:10',NULL,NULL,NULL),(4886,'Smuggestmugs.com','Canada','# 598,717','2015-08-11 12:34:10','2015-08-11 12:34:10',NULL,NULL,NULL),(4887,'Digitalmovieempire.com','Canada','# 598,948','2015-08-11 12:34:10','2015-08-11 12:34:10',NULL,NULL,NULL),(4888,'Rosapomar.com','Canada','# 599,056','2015-08-11 12:34:10','2015-08-11 12:34:10',NULL,NULL,NULL),(4889,'Coptershop.com','Canada','# 599,632','2015-08-11 12:34:10','2015-08-11 12:34:10',NULL,NULL,NULL),(4890,'Huffandpuffers.com','Canada','# 600,160','2015-08-11 12:34:10','2015-08-11 12:34:10',NULL,NULL,NULL),(4891,'Rutbaa.in','Canada','# 600,809','2015-08-11 12:34:10','2015-08-11 12:34:10',NULL,NULL,NULL),(4892,'Coolligan.com','Canada','# 601,148','2015-08-11 12:34:10','2015-08-11 12:34:10',NULL,NULL,NULL),(4893,'Deathwishcoffee.com','Canada','# 215,186','2015-08-11 13:07:40','2015-08-11 13:07:40',NULL,NULL,NULL),(4894,'Mychoicesoftware.com','Canada','# 215,961','2015-08-11 13:07:40','2015-08-11 13:07:40',NULL,NULL,NULL),(4895,'Iheartguts.com','Canada','# 217,461','2015-08-11 13:07:40','2015-08-11 13:07:40',NULL,NULL,NULL),(4896,'20x200.com','Canada','# 218,317','2015-08-11 13:07:40','2015-08-11 13:07:40',NULL,NULL,NULL),(4897,'Michaelstokes.net','Canada','# 219,307','2015-08-11 13:07:40','2015-08-11 13:07:40',NULL,NULL,NULL),(4898,'Mouth.com','Canada','# 220,721','2015-08-11 13:07:40','2015-08-11 13:07:40',NULL,NULL,NULL),(4899,'Marcuslemonis.com','Canada','# 221,118','2015-08-11 13:07:40','2015-08-11 13:07:40',NULL,NULL,NULL),(4900,'Atisundar.com','Canada','# 221,224','2015-08-11 13:07:40','2015-08-11 13:07:40',NULL,NULL,NULL),(4901,'Innertubeshop.com','Canada','# 221,277','2015-08-11 13:07:40','2015-08-11 13:07:40',NULL,NULL,NULL),(4902,'Embelle.com.mx','Canada','# 221,510','2015-08-11 13:07:40','2015-08-11 13:07:40',NULL,NULL,NULL),(4903,'Rains.dk','Canada','# 221,552','2015-08-11 13:07:40','2015-08-11 13:07:40',NULL,NULL,NULL),(4904,'Tribesports.com','Canada','# 221,701','2015-08-11 13:07:40','2015-08-11 13:07:40',NULL,NULL,NULL),(4905,'1shirt.com','Canada','# 222,178','2015-08-11 13:07:40','2015-08-11 13:07:40',NULL,NULL,NULL),(4906,'Cotopaxi.com','Canada','# 222,499','2015-08-11 13:07:40','2015-08-11 13:07:40',NULL,NULL,NULL),(4907,'Leifshop.com','Canada','# 223,771','2015-08-11 13:07:40','2015-08-11 13:07:40',NULL,NULL,NULL),(4908,'Oneness287.com','Canada','# 224,138','2015-08-11 13:07:40','2015-08-11 13:07:40',NULL,NULL,NULL),(4909,'Caseologycases.com','Canada','# 225,292','2015-08-11 13:07:40','2015-08-11 13:07:40',NULL,NULL,NULL),(4910,'9five.com','Canada','# 225,531','2015-08-11 13:07:40','2015-08-11 13:07:40',NULL,NULL,NULL),(4911,'Blenderseyewear.com','Canada','# 225,579','2015-08-11 13:07:40','2015-08-11 13:07:40',NULL,NULL,NULL),(4912,'Teehood.com','Canada','# 225,764','2015-08-11 13:07:41','2015-08-11 13:07:41',NULL,NULL,NULL),(4913,'Aetherapparel.com','Canada','# 226,279','2015-08-11 13:07:41','2015-08-11 13:07:41',NULL,NULL,NULL),(4914,'Colossalshop.com','Canada','# 226,488','2015-08-11 13:07:41','2015-08-11 13:07:41',NULL,NULL,NULL),(4915,'Andrebadi.com','Canada','# 226,592','2015-08-11 13:07:41','2015-08-11 13:07:41',NULL,NULL,NULL),(4916,'100lot.com','Canada','# 226,637','2015-08-11 13:07:41','2015-08-11 13:07:41',NULL,NULL,NULL),(4917,'Bootea.com','Canada','# 226,946','2015-08-11 13:07:41','2015-08-11 13:07:41',NULL,NULL,NULL),(4918,'Stylefiesta.com','Canada','# 227,148','2015-08-11 13:07:41','2015-08-11 13:07:41',NULL,NULL,NULL),(4919,'Tenslife.com','Canada','# 227,624','2015-08-11 13:07:41','2015-08-11 13:07:41',NULL,NULL,NULL),(4920,'Maramani.com','Canada','# 227,632','2015-08-11 13:07:41','2015-08-11 13:07:41',NULL,NULL,NULL),(4921,'Fazeclanstore.com','Canada','# 229,611','2015-08-11 13:07:41','2015-08-11 13:07:41',NULL,NULL,NULL),(4922,'Evannex.com','Canada','# 231,491','2015-08-11 13:07:41','2015-08-11 13:07:41',NULL,NULL,NULL),(4923,'Opsgear.com','Canada','# 231,543','2015-08-11 13:07:41','2015-08-11 13:07:41',NULL,NULL,NULL),(4924,'Vinoslaredonda.com','Canada','# 231,718','2015-08-11 13:07:41','2015-08-11 13:07:41',NULL,NULL,NULL),(4925,'Greenroninstore.com','Canada','# 232,163','2015-08-11 13:07:41','2015-08-11 13:07:41',NULL,NULL,NULL),(4926,'X-doria.com','Canada','# 232,673','2015-08-11 13:07:41','2015-08-11 13:07:41',NULL,NULL,NULL),(4927,'Southerntots.com','Canada','# 233,697','2015-08-11 13:07:41','2015-08-11 13:07:41',NULL,NULL,NULL),(4928,'Spondoolies-tech.com','Canada','# 233,795','2015-08-11 13:07:41','2015-08-11 13:07:41',NULL,NULL,NULL),(4929,'Nicelaundry.com','Canada','# 234,941','2015-08-11 13:07:41','2015-08-11 13:07:41',NULL,NULL,NULL),(4930,'Bentoandco.com','Canada','# 235,382','2015-08-11 13:07:41','2015-08-11 13:07:41',NULL,NULL,NULL),(4931,'Oculosstore.com.br','Canada','# 236,204','2015-08-11 13:07:41','2015-08-11 13:07:41',NULL,NULL,NULL),(4932,'Nationalparksdepot.us','Canada','# 236,358','2015-08-11 13:07:41','2015-08-11 13:07:41',NULL,NULL,NULL),(4933,'Thehomet.com','Canada','# 237,437','2015-08-11 13:07:41','2015-08-11 13:07:41',NULL,NULL,NULL),(4934,'Elwoodclothing.com','Canada','# 237,833','2015-08-11 13:07:41','2015-08-11 13:07:41',NULL,NULL,NULL),(4935,'Thehobbywarehouse.co.nz','Canada','# 238,737','2015-08-11 13:07:41','2015-08-11 13:07:41',NULL,NULL,NULL),(4936,'Clickandgrow.com','Canada','# 239,030','2015-08-11 13:07:41','2015-08-11 13:07:41',NULL,NULL,NULL),(4937,'Laconicum.com','Canada','# 239,443','2015-08-11 13:07:41','2015-08-11 13:07:41',NULL,NULL,NULL),(4938,'Robo3d.com','Canada','# 239,445','2015-08-11 13:07:41','2015-08-11 13:07:41',NULL,NULL,NULL),(4939,'Bulbamerica.com','Canada','# 239,987','2015-08-11 13:07:41','2015-08-11 13:07:41',NULL,NULL,NULL),(4940,'Masterdynamic.com','Canada','# 240,615','2015-08-11 13:07:41','2015-08-11 13:07:41',NULL,NULL,NULL),(4941,'Glowrecipe.com','Canada','# 241,632','2015-08-11 13:07:41','2015-08-11 13:07:41',NULL,NULL,NULL),(4942,'Kulanikinis.com','Canada','# 242,154','2015-08-11 13:07:41','2015-08-11 13:07:41',NULL,NULL,NULL),(4943,'Shopbeckyhiggins.com','','','2015-08-11 13:26:56','2015-08-11 13:26:56',NULL,NULL,NULL),(4944,'Idecorateshop.com','','','2015-08-11 13:26:56','2015-08-11 13:26:56',NULL,NULL,NULL),(4945,'Rootsoffight.com','','','2015-08-11 13:26:56','2015-08-11 13:26:56',NULL,NULL,NULL),(4946,'Cargo-works.com','','','2015-08-11 13:26:56','2015-08-11 13:26:56',NULL,NULL,NULL),(4947,'Electronicstix.com','','','2015-08-11 13:26:56','2015-08-11 13:26:56',NULL,NULL,NULL),(4948,'Lightningvapes.com','','','2015-08-11 13:26:56','2015-08-11 13:26:56',NULL,NULL,NULL),(4949,'Kenu.com','','','2015-08-11 13:26:56','2015-08-11 13:26:56',NULL,NULL,NULL),(4950,'Africanmusicbuy.com','','','2015-08-11 13:26:56','2015-08-11 13:26:56',NULL,NULL,NULL),(4951,'Buyfast.co.za','','','2015-08-11 13:26:56','2015-08-11 13:26:56',NULL,NULL,NULL),(4952,'Inkedgaming.com','','','2015-08-11 13:26:56','2015-08-11 13:26:56',NULL,NULL,NULL),(4953,'Skinnymetea.com.au','','','2015-08-11 13:26:56','2015-08-11 13:26:56',NULL,NULL,NULL),(4954,'Themaker.fr','','','2015-08-11 13:26:56','2015-08-11 13:26:56',NULL,NULL,NULL),(4955,'Evercut.jp','','','2015-08-11 13:26:56','2015-08-11 13:26:56',NULL,NULL,NULL),(4956,'Mollusksurfshop.com','','','2015-08-11 13:26:56','2015-08-11 13:26:56',NULL,NULL,NULL),(4957,'Reelstyle.co','','','2015-08-11 13:26:56','2015-08-11 13:26:56',NULL,NULL,NULL),(4958,'Kookai.com.au','','','2015-08-11 13:26:56','2015-08-11 13:26:56',NULL,NULL,NULL),(4959,'Thintea.com.au','','','2015-08-11 13:26:56','2015-08-11 13:26:56',NULL,NULL,NULL),(4960,'Shopatshowcasecanada.com','','','2015-08-11 13:26:56','2015-08-11 13:26:56',NULL,NULL,NULL),(4961,'Hereplus.me','','','2015-08-11 13:26:56','2015-08-11 13:26:56',NULL,NULL,NULL),(4962,'Modishstore.com','','','2015-08-11 13:26:56','2015-08-11 13:26:56',NULL,NULL,NULL),(4963,'Localvape.com','','','2015-08-11 13:26:56','2015-08-11 13:26:56',NULL,NULL,NULL),(4964,'Shoplostfound.com','','','2015-08-11 13:26:56','2015-08-11 13:26:56',NULL,NULL,NULL),(4965,'Abcprintsupplies.com.au','','','2015-08-11 13:26:56','2015-08-11 13:26:56',NULL,NULL,NULL),(4966,'Frenzyfifa.com','','','2015-08-11 13:26:56','2015-08-11 13:26:56',NULL,NULL,NULL),(4967,'Weusepp.com','','','2015-08-11 13:26:56','2015-08-11 13:26:56',NULL,NULL,NULL),(4968,'Thelasthunt.com','','','2015-08-11 13:26:56','2015-08-11 13:26:56',NULL,NULL,NULL),(4969,'Wtb.com','','','2015-08-11 13:26:56','2015-08-11 13:26:56',NULL,NULL,NULL),(4970,'Getinkbox.com','','','2015-08-11 13:26:56','2015-08-11 13:26:56',NULL,NULL,NULL),(4971,'Brazilbeautyspace.com','','','2015-08-11 13:26:56','2015-08-11 13:26:56',NULL,NULL,NULL),(4972,'Mostlypaws.com','','','2015-08-11 13:26:56','2015-08-11 13:26:56',NULL,NULL,NULL),(4973,'Minaal.com','','','2015-08-11 13:26:56','2015-08-11 13:26:56',NULL,NULL,NULL),(4974,'Houseoflashes.com','','','2015-08-11 13:26:56','2015-08-11 13:26:56',NULL,NULL,NULL),(4975,'Mantraband.com','','','2015-08-11 13:26:56','2015-08-11 13:26:56',NULL,NULL,NULL),(4976,'Naturalbabyshower.co.uk','','','2015-08-11 13:26:56','2015-08-11 13:26:56',NULL,NULL,NULL),(4977,'Naiise.com','','','2015-08-11 13:26:56','2015-08-11 13:26:56',NULL,NULL,NULL),(4978,'Dearkates.com','','','2015-08-11 13:26:56','2015-08-11 13:26:56',NULL,NULL,NULL),(4979,'Petitvour.com','','','2015-08-11 13:26:56','2015-08-11 13:26:56',NULL,NULL,NULL),(4980,'Occmakeup.com','','','2015-08-11 13:26:56','2015-08-11 13:26:56',NULL,NULL,NULL),(4981,'Killstar.com','','','2015-08-11 13:26:56','2015-08-11 13:26:56',NULL,NULL,NULL),(4982,'Richardsherman25.com','','','2015-08-11 13:26:56','2015-08-11 13:26:56',NULL,NULL,NULL),(4983,'Thecolorpopshop.com','','','2015-08-11 13:26:56','2015-08-11 13:26:56',NULL,NULL,NULL),(4984,'Yoobi.com','','','2015-08-11 13:26:56','2015-08-11 13:26:56',NULL,NULL,NULL),(4985,'1861.ca','','','2015-08-11 13:26:56','2015-08-11 13:26:56',NULL,NULL,NULL),(4986,'Brilliant.co','','','2015-08-11 13:26:57','2015-08-11 13:26:57',NULL,NULL,NULL),(4987,'Buybluesteel.com','','','2015-08-11 13:26:57','2015-08-11 13:26:57',NULL,NULL,NULL),(4988,'Tothestars.media','','','2015-08-11 13:26:57','2015-08-11 13:26:57',NULL,NULL,NULL),(4989,'Epauletnewyork.com','','','2015-08-11 13:26:57','2015-08-11 13:26:57',NULL,NULL,NULL),(4990,'Travelkhushi.com','','','2015-08-11 13:26:57','2015-08-11 13:26:57',NULL,NULL,NULL),(4991,'Survivalstraps.com','','','2015-08-11 13:26:57','2015-08-11 13:26:57',NULL,NULL,NULL),(4992,'Fivesimplesteps.com','','','2015-08-11 13:26:57','2015-08-11 13:26:57',NULL,NULL,NULL);

/*!40101 SET SQL_MODE=@OLD_SQL_MODE */;
/*!40014 SET FOREIGN_KEY_CHECKS=@OLD_FOREIGN_KEY_CHECKS */;
/*!40014 SET UNIQUE_CHECKS=@OLD_UNIQUE_CHECKS */;
/*!40111 SET SQL_NOTES=@OLD_SQL_NOTES */;
